#{"t_start": 1598826891.8652916, "env_id": "WalrusBalance-v0"}
r,l,t
29.659906,4,1.704093
39.810617,4,2.989024
24.185526,3,4.031576
97.942145,8,6.140911
33.513521,3,7.176165
59.620328,6,8.838929
29.627134,4,10.050489
34.390589,3,11.072399
54.275651,5,12.483245
80.453114,7,14.365182
82.854765,7,16.203759
29.754195,4,17.449526
53.308644,7,19.348976
58.790783,6,21.038982
99.973646,9,23.317936
24.576644,3,24.371876
76.99645,6,26.06343
49.281139,4,27.244288
39.526614,4,28.486948
34.827509,3,29.564929
39.928728,4,30.807867
87.627594,8,32.905943
49.769339,6,34.61361
24.049488,3,35.601954
99.268556,8,37.663176
34.535595,3,38.769444
99.211778,8,40.855969
49.277305,4,42.079665
59.618736,6,43.70146
64.109669,7,45.590862
39.785147,4,46.872739
34.728483,3,47.95876
39.904138,4,49.223733
39.706238,4,50.410914
49.220093,4,51.674364
24.731256,3,52.688299
89.57747,9,55.019104
92.366137,9,57.344314
64.203955,7,59.236778
29.148904,4,60.46858
33.806861,3,61.553386
136.500873,17,65.479336
29.534001,4,66.742213
78.702954,6,68.410143
94.347786,7,70.236362
100.244003,9,72.549171
53.557832,5,74.000722
24.417965,3,75.097029
110.712151,11,77.885769
39.749712,4,79.110515
29.701929,4,80.575706
192.480354,15,84.141959
138.399889,12,87.097887
29.67268,4,88.348959
49.434128,6,90.030576
116.922435,10,92.555022
72.803899,7,94.459137
103.283818,9,96.932233
87.343917,8,99.0497
48.488877,8,101.196249
23.309361,3,102.22081
96.983874,9,104.504817
34.799846,5,106.017353
107.169051,10,108.505868
79.356119,8,110.611816
88.924806,8,112.699308
34.578669,3,113.758032
145.390392,12,116.717894
34.792247,3,117.824445
24.288999,3,118.902663
39.223702,4,120.165714
39.758727,4,121.419072
105.664925,10,123.922765
54.419217,5,125.405477
86.001929,8,127.633472
112.963964,11,130.538685
34.441315,3,131.62498
73.747494,7,133.48697
39.427119,4,134.735435
24.642696,3,135.779598
24.505222,3,136.78341
53.421768,5,138.249691
34.193412,3,139.272446
78.955883,6,140.92445
49.515424,4,142.210753
56.309596,6,143.978859
80.768022,9,146.287416
63.980655,7,148.189076
99.120148,8,150.268485
151.478745,13,153.468781
29.523953,4,154.74342
24.822152,3,155.980085
34.646984,5,157.466292
79.13699,6,159.140593
34.884151,3,160.205032
49.645995,6,161.886271
29.457024,4,163.057772
64.61487,7,164.939306
98.990765,8,167.021357
39.508724,4,168.323925
67.105778,6,169.950321
86.01024,8,172.086137
34.714388,3,173.209069
88.205153,8,175.262182
32.648902,3,176.365927
48.339625,6,178.073966
64.402025,7,179.979547
39.289004,6,181.66624
24.394787,3,182.683968
29.76112,4,183.967253
54.56319,5,185.446866
44.766055,5,186.962289
34.642933,3,188.008943
24.459231,3,189.006243
24.304149,3,190.004693
38.130198,4,191.22049
84.03486,7,193.091566
44.312922,5,194.466878
38.560549,4,195.751658
34.100858,3,196.778236
29.672348,4,198.041818
24.273986,3,199.088457
34.668949,3,200.084617
58.353147,6,201.774389
74.441563,7,203.615731
98.948275,10,206.174667
39.634299,4,207.382338
24.38278,3,208.3659
67.19353,6,209.9544
28.246864,4,211.188103
78.640043,8,213.297629
38.883259,4,214.523016
143.468729,11,217.235538
34.842663,3,218.283782
29.74805,4,219.624778
54.695881,5,221.05602
86.711621,8,223.096642
59.539023,6,224.798078
107.449953,8,226.906265
117.869172,13,230.005113
148.691099,12,232.902677
34.643613,3,233.97965
59.098336,6,235.702567
106.815631,10,238.259158
58.269119,8,240.360277
98.451263,10,242.856725
48.744969,4,244.162636
72.791099,7,246.018609
62.523105,5,247.420578
4.947604,1,248.90774
83.317645,7,250.78426
24.432309,3,251.828969
34.605569,3,252.884756
87.66381,8,254.951164
33.865715,3,256.051234
86.880903,8,258.082255
94.334788,9,260.305222
37.443146,4,261.486246
24.070663,3,262.625024
89.127382,9,264.893101
83.109247,7,266.798628
72.278076,7,268.666043
29.61215,4,269.963182
39.580712,4,271.199567
92.823636,9,273.436406
29.670611,4,274.6996
24.2406,3,275.692466
34.446687,3,276.729461
72.028316,7,278.577885
34.20979,5,280.050771
14.727357,1,281.589882
49.424283,4,282.816497
24.609807,3,283.842928
79.56977,6,285.460161
29.493883,4,286.727407
73.484232,7,288.539313
74.019185,7,290.390026
58.930812,6,292.041702
68.018738,6,293.720909
29.543026,4,294.963382
24.496336,3,295.997935
54.162576,5,297.472667
71.737816,7,299.342449
93.700726,9,301.589389
88.178944,8,303.697689
82.1349,7,305.626206
29.670599,4,306.831298
28.253282,4,308.041247
67.773977,6,309.721358
34.408099,3,310.748794
52.162629,7,312.607256
53.865623,5,314.090307
39.742029,4,315.412124
54.859779,5,316.91677
24.504821,3,317.957303
81.998867,7,319.877914
39.162682,4,321.11385
23.688418,3,322.096034
34.005389,3,323.172489
34.736226,3,324.200022
93.643973,9,326.448767
49.52102,6,328.055529
49.735309,6,329.712558
34.828037,3,330.761975
28.831896,4,331.976794
141.561452,13,335.079597
34.788067,3,336.11024
29.743256,4,337.355776
93.625532,9,339.617006
29.615194,4,340.854276
47.648398,4,342.081369
29.643987,4,343.354101
34.385696,3,344.413167
92.371151,9,346.733168
33.478832,3,347.838642
39.100312,4,349.065447
34.433229,3,350.090564
29.532506,4,351.280292
24.119632,3,352.274255
56.59586,6,353.914573
44.346204,5,355.386126
24.275195,3,356.457311
34.406525,3,357.565977
29.537858,4,358.866181
74.059175,7,360.748329
44.752789,5,362.183648
29.726057,4,363.469921
24.467777,3,364.496815
91.140887,9,366.782093
54.334198,5,368.235932
24.606529,3,369.290434
34.326281,3,370.33451
123.407562,12,373.213889
83.213904,7,375.051621
24.06342,3,376.048371
83.374969,9,378.415912
34.080036,3,379.471971
34.785972,3,380.527493
28.954153,4,381.777971
34.546127,3,382.786203
44.394165,5,384.206627
24.352524,3,385.199713
79.318291,6,386.841306
34.862849,3,387.867624
34.793829,3,388.934312
49.518035,4,390.200178
34.615949,3,391.190489
28.341138,4,392.412734
64.426547,5,393.821812
24.286655,3,394.914526
38.630766,4,396.115111
33.865739,3,397.178852
28.797844,4,398.422728
23.243515,3,399.420826
42.620929,5,400.873685
44.721536,5,402.34101
24.405371,3,403.373039
82.334613,7,405.281368
34.597853,3,406.359724
29.773455,4,407.634318
24.409432,3,408.698716
34.60433,3,409.734458
32.836012,5,411.148605
113.263262,9,413.400397
34.475973,3,414.445074
29.572188,4,415.677192
86.983502,8,417.772483
98.629685,10,420.268277
54.697284,5,421.776129
39.728568,4,422.985267
29.436529,4,424.262328
83.176338,7,426.110673
64.105063,5,427.582439
58.376713,6,429.219836
49.315197,4,430.433256
37.839677,4,431.658491
39.696523,4,432.863837
24.71734,3,433.890673
69.187313,6,435.564731
108.210277,12,438.400526
93.217153,9,440.644139
9.795422,2,441.624548
116.886233,8,443.678652
27.71886,4,444.893729
48.80502,4,446.06658
85.60806,8,448.093161
78.734297,8,450.171423
23.850048,3,451.183682
39.79228,4,452.40292
34.234357,3,453.486308
79.056629,8,455.594245
78.137181,8,457.656673
49.810174,6,459.355833
59.516619,6,461.042767
24.303475,3,462.084414
38.496492,4,463.355705
64.4292,7,465.282625
53.852276,5,466.712221
34.462871,3,467.745701
34.836255,3,468.706865
96.520985,10,471.165203
183.552833,15,474.721487
49.443676,4,476.043924
53.785313,5,477.451924
39.72297,4,478.704703
73.031586,7,480.640915
62.865097,5,482.103541
178.104993,14,485.503276
108.90792,10,488.005365
212.980226,17,492.017749
39.749172,4,493.280901
98.827486,8,495.392351
69.539555,7,497.239955
33.509507,3,498.32511
24.544118,3,499.321827
83.932995,8,501.345897
39.62246,4,502.618981
84.285765,7,504.477152
44.722483,5,506.04581
64.454675,5,507.529181
38.921702,4,508.793533
39.644973,4,510.060668
44.344382,5,511.527688
39.374501,4,512.769791
24.379566,3,513.854637
34.66512,3,514.887292
54.509586,5,516.379437
87.695627,8,518.440575
34.169119,3,519.451784
62.867275,5,520.915911
29.629936,4,522.179832
84.415283,7,524.097733
34.75394,3,525.123867
57.650661,6,526.755453
48.929762,4,528.009811
34.388868,3,529.056834
24.516349,3,530.170727
74.213242,7,532.023611
195.891913,16,535.885222
29.678268,4,537.110605
103.653324,9,539.378136
38.667137,4,540.653394
24.507891,3,541.698035
93.356251,10,544.199767
53.86332,7,546.124242
98.54996,10,548.557348
24.007343,3,549.620151
63.916395,8,551.742146
112.194719,9,554.052406
88.652712,8,556.206098
115.09579,10,558.702585
57.862462,6,560.291082
24.42385,3,561.315343
34.464557,3,562.363776
29.38415,4,563.628559
57.540777,6,565.318739
115.033484,10,567.889715
92.522917,9,570.197127
43.409723,5,571.634515
98.474085,10,574.115185
29.543491,4,575.407764
59.01954,6,577.02727
49.557679,4,578.301695
24.715724,3,579.539953
79.309107,8,581.603847
80.482403,9,583.847828
93.958078,9,586.067657
93.757777,9,588.317841
67.901978,6,590.034054
77.783671,8,592.191962
34.487179,3,593.234948
94.46964,10,595.716073
34.464982,3,596.802625
38.900255,4,598.033223
38.964513,4,599.264404
29.655433,4,600.491519
28.81872,4,601.693776
49.4259,6,603.375245
63.936002,5,604.767472
77.850452,8,606.844213
66.738058,6,608.482021
34.686565,3,609.497001
80.744446,9,611.791873
54.522643,5,613.275904
34.32167,5,614.788404
78.587693,8,616.831269
49.293418,6,618.467879
49.401769,6,620.244203
98.933906,8,622.352425
29.739587,4,623.62854
24.492716,3,624.653117
29.456777,4,625.878056
59.636127,6,627.510312
39.550921,6,629.10628
33.598563,3,630.129839
103.086493,9,632.372719
24.640665,3,633.357534
39.134934,6,635.016143
103.04583,11,637.657535
54.117682,5,639.160282
29.630209,4,640.420411
29.51214,4,641.656752
29.366158,4,642.930299
75.552055,8,644.997542
104.14955,9,647.232455
23.617817,3,648.297325
48.786451,6,649.885801
64.663402,7,651.814414
34.621141,5,653.287374
128.361401,12,656.252809
29.353907,4,657.505686
28.7457,4,658.707274
34.515903,3,659.711386
34.477677,5,661.129591
77.498463,8,663.199623
39.788224,4,664.471514
29.517408,4,665.739906
39.685052,4,667.021923
123.773188,14,670.368794
24.663027,3,671.439944
34.718006,3,672.436386
82.788247,9,674.685932
63.541876,9,677.009248
33.985127,3,678.008405
102.616866,9,680.337678
28.120555,4,681.545304
39.615747,4,682.805898
91.716072,9,685.067234
93.024516,9,687.356291
29.302222,4,688.599049
66.263342,8,690.701129
24.453971,3,691.754173
34.517518,3,692.79978
64.220105,7,694.635366
56.762361,6,696.449703
34.507222,3,697.421772
28.93576,4,698.642581
70.843458,7,700.514121
29.758461,4,701.757002
54.581502,5,703.230632
43.74584,5,704.649449
133.945245,11,707.342957
68.915102,6,709.016862
24.278124,3,710.060597
54.560147,5,711.446915
58.672093,6,713.084203
138.799722,10,715.496136
29.694092,4,716.745305
24.269132,3,717.79652
54.602652,5,719.223064
34.523833,3,720.293962
71.618044,7,722.196738
49.777646,6,723.793297
24.407586,3,724.875319
24.672853,3,725.916318
78.999623,6,727.521229
38.369233,4,728.752074
73.652208,9,731.047319
64.282251,7,732.900216
24.02866,3,733.902837
79.524911,6,735.519498
68.790304,6,737.155081
42.569545,5,738.594074
39.659222,4,739.792793
173.492986,13,742.854779
72.853326,9,745.192263
39.630392,4,746.393534
29.676328,4,747.673637
38.738275,4,748.85407
83.389539,7,750.73883
27.516123,4,751.987849
102.429372,11,754.719933
39.472021,6,756.424597
29.302359,4,757.702589
29.641959,4,758.950941
93.243646,9,761.258678
44.420836,5,762.624965
24.603924,3,763.636359
67.767958,6,765.329111
100.184516,9,767.606527
59.717913,6,769.264339
69.267907,6,770.85812
59.490025,6,772.543672
63.036183,5,774.013735
93.609434,9,776.212249
54.721362,5,777.669916
29.523204,4,778.900284
54.291807,5,780.32604
89.669342,9,782.575059
39.337411,4,783.80546
34.457842,3,784.775517
34.153032,3,785.754499
24.504387,3,786.798405
29.715782,4,788.048215
24.507549,3,789.085248
39.583121,4,790.365063
92.686497,9,792.560246
44.752844,5,794.025156
29.574769,4,795.224128
73.975757,7,797.085044
23.563303,3,798.09634
33.636341,3,799.086946
38.569814,4,800.337958
39.879921,4,801.556117
34.597744,3,802.526829
100.971226,11,805.190411
34.344874,3,806.201042
34.848162,3,807.200345
63.768537,5,808.684764
132.405897,11,811.411723
117.232495,10,813.948684
29.845475,4,815.155898
54.041935,5,816.621443
34.367854,3,817.69409
72.49501,7,819.585305
101.71339,9,821.861307
29.664561,4,823.14053
23.571749,3,824.092051
24.275774,3,825.155874
102.536065,9,827.436313
33.563839,3,828.47079
24.548966,3,829.532672
24.455703,3,830.523818
24.346488,3,831.549387
74.412115,7,833.402235
38.700184,4,834.602796
29.047654,4,835.851722
75.799523,8,837.894189
37.879044,4,839.11494
59.785196,6,840.809066
59.76702,6,842.488474
107.318884,10,845.005851
39.54962,4,846.205279
24.365428,3,847.236147
83.425994,8,849.266745
37.252734,4,850.48386
63.919958,5,852.00338
79.216846,8,854.002052
39.337551,6,855.646307
87.929991,8,857.727268
178.484934,15,861.211864
23.987386,3,862.212658
84.231872,7,864.165976
54.125558,5,865.633192
29.624587,4,866.821532
29.831489,4,868.061513
59.105721,6,869.752894
34.61766,3,870.796437
24.443196,3,871.821234
39.558751,4,873.034785
39.711588,4,874.237545
34.435847,3,875.289771
58.554122,6,876.978763
83.924488,8,879.073124
27.638798,4,880.255238
89.469239,8,882.331391
34.484796,3,883.38868
73.196899,7,885.188033
54.215343,5,886.692427
39.824845,4,888.011161
44.724241,5,889.504039
24.379544,3,890.520498
28.774336,4,891.772942
84.44869,7,893.679599
98.170481,8,895.773706
74.181736,7,897.690174
97.840598,8,899.767749
69.54828,6,901.435535
29.568002,4,902.689746
64.366922,7,904.587862
39.019983,6,906.298729
29.489584,4,907.60047
107.015607,10,910.1452
23.370371,3,911.178026
73.305726,7,913.198725
48.750959,4,914.455061
97.088138,11,917.230938
68.640955,6,918.869732
87.154079,8,921.028304
48.892762,4,922.320968
29.472124,4,923.574157
103.298593,10,926.04841
34.539799,3,927.021724
42.571702,7,928.909636
98.59697,8,931.076381
133.06748,11,933.75823
34.417121,3,934.865246
73.57906,7,936.775299
138.535827,10,939.256614
53.40754,5,940.688233
60.991685,7,942.519728
34.364926,3,943.594779
28.723303,4,944.77893
44.375702,5,946.185095
108.12606,10,948.732214
24.754798,3,949.775812
74.250078,7,951.628126
63.902478,5,953.040513
46.620802,6,954.721157
33.842691,3,955.729326
24.700829,3,956.784357
39.739438,4,958.006454
28.720834,4,959.270138
39.934381,4,960.530127
39.183774,4,961.783903
64.387832,5,963.211294
34.512813,5,964.678935
59.669713,6,966.33741
33.840744,3,967.403117
43.244584,5,968.822396
39.445704,4,970.076907
34.418177,3,971.102416
79.239814,8,973.246306
34.287886,3,974.264184
85.571497,8,976.300381
72.47784,7,978.142762
49.488212,6,979.758191
59.679865,6,981.48548
59.529848,6,983.19312
83.758698,7,985.036669
24.636623,3,986.126819
39.529274,4,987.377282
77.500173,8,989.461389
23.530141,3,990.446781
102.491582,9,992.770408
33.591755,3,993.787325
68.456244,6,995.454886
39.043877,4,996.706912
29.381291,4,997.888047
165.128589,14,1001.243202
44.501544,5,1002.616779
49.583547,6,1004.287014
34.272955,3,1005.362137
174.856384,14,1008.637759
34.875033,3,1009.702967
24.700368,3,1010.716192
110.360165,9,1013.023335
83.185822,7,1014.971271
34.695853,3,1016.016219
97.205244,8,1018.139346
64.475768,5,1019.600078
89.093171,8,1021.693603
34.651929,3,1022.728613
91.999856,9,1025.068425
73.493513,7,1026.972975
34.401585,3,1027.986667
54.673645,5,1029.438822
34.86245,3,1030.446522
77.478672,8,1032.52174
74.426173,7,1034.523809
23.974988,3,1035.528033
24.580789,3,1036.536294
42.39869,5,1037.957482
33.996576,3,1039.00754
24.476705,3,1040.000594
103.130036,9,1042.420556
122.48248,11,1045.173735
72.458721,7,1047.175861
80.459727,9,1049.500581
33.821185,3,1050.538365
79.157921,6,1052.17647
84.36878,8,1054.299114
53.765153,5,1055.759224
129.01158,10,1058.270769
34.473313,5,1059.720569
63.035868,5,1061.177388
53.984596,5,1062.615855
100.441502,9,1064.887689
39.53149,4,1066.12865
59.38401,6,1067.828874
59.231954,6,1069.48596
34.522959,3,1070.509037
24.269551,3,1071.604822
24.329418,3,1072.599521
71.429557,7,1074.431789
93.942036,7,1076.352146
29.358655,4,1077.642926
34.45131,3,1078.682974
34.814635,3,1079.701776
84.698139,8,1081.873478
63.976016,7,1083.709453
44.709736,5,1085.161657
59.463131,6,1086.782217
98.891414,10,1089.195669
79.05989,8,1091.277241
87.360591,8,1093.363768
37.848727,4,1094.542866
39.512437,4,1095.797081
44.475173,5,1097.214333
34.439312,3,1098.256948
24.5427,3,1099.259677
24.539824,3,1100.283092
74.302963,8,1102.306063
38.70454,4,1103.567283
77.207166,8,1105.63033
34.364339,3,1106.676134
33.321865,5,1108.145634
86.73318,8,1110.271145
34.361083,3,1111.278583
39.762865,4,1112.432149
33.596283,3,1113.506969
34.421839,3,1114.550454
64.285143,7,1116.411309
73.094939,7,1118.232499
104.484668,9,1120.508028
24.110692,3,1121.496702
28.131557,4,1122.709591
101.828389,9,1125.080328
54.649282,5,1126.520267
54.424015,5,1127.978623
104.243672,9,1130.290596
63.996172,5,1131.711457
93.181701,9,1134.006549
68.900069,6,1135.657918
34.24791,3,1136.661993
44.61937,5,1138.074286
78.133094,8,1140.178854
39.541501,4,1141.461493
39.663284,4,1142.733418
29.832481,4,1143.963627
59.218582,6,1145.64127
69.724614,7,1147.47213
24.301761,3,1148.516488
69.732692,6,1150.104166
24.588334,3,1151.19646
105.8503,8,1153.264094
34.404801,3,1154.327296
107.328501,12,1157.251006
34.444308,3,1158.266532
64.351098,5,1159.694692
34.22124,3,1160.787454
24.594833,3,1161.748128
34.675988,3,1162.832091
49.387292,4,1164.04495
34.017443,3,1165.109467
83.611082,9,1167.374682
38.704436,4,1168.606095
118.184756,12,1171.528222
34.475675,3,1172.563307
34.748455,5,1173.986399
47.919391,4,1175.259251
57.461954,6,1177.041691
24.423481,3,1177.994757
29.36854,4,1179.28001
34.673283,3,1180.357295
98.976523,8,1182.409054
64.17535,7,1184.312444
118.99672,10,1186.853529
24.23881,3,1187.918268
34.158249,3,1188.962809
79.169643,6,1190.61795
46.790782,6,1192.298699
87.343358,10,1194.722213
48.111497,6,1196.33965
24.55499,3,1197.355531
34.376859,3,1198.373309
34.813593,3,1199.373593
42.815094,5,1200.83413
48.552087,4,1202.077225
69.270733,7,1203.988325
29.482006,4,1205.294001
49.410978,4,1206.568343
24.717891,3,1207.613187
85.481183,8,1209.660217
39.569283,4,1210.913986
39.659709,4,1212.155972
91.579487,9,1214.427149
24.342697,3,1215.500568
43.342939,5,1216.921371
64.26851,5,1218.383048
153.428482,13,1221.528891
29.426618,4,1222.768353
34.378731,3,1223.814736
100.369148,9,1226.154121
34.325394,3,1227.141027
78.601781,6,1228.815818
39.533405,4,1230.149327
85.056302,8,1232.182792
71.76974,7,1234.001879
87.047221,8,1236.077074
49.750201,6,1237.770512
34.527705,3,1238.822217
161.207689,13,1241.936088
33.862766,3,1243.013121
85.360817,8,1245.138818
29.634878,4,1246.302655
34.117457,3,1247.358065
24.500396,3,1248.352224
24.783704,3,1249.4013
59.736683,6,1251.105536
128.718354,10,1253.631825
87.184189,8,1255.747046
101.189247,9,1258.017142
39.167757,4,1259.262375
54.509011,5,1260.732897
54.717643,5,1262.141818
24.512367,3,1263.215218
73.965625,7,1265.061465
43.972519,5,1266.531473
59.429091,6,1268.252535
44.692966,5,1269.706006
49.476376,4,1270.958675
123.545795,9,1273.292106
93.950743,9,1275.61955
23.993471,3,1276.696985
134.217121,11,1279.392601
44.574456,5,1280.853049
33.406682,3,1281.836092
54.460477,5,1283.365735
75.817392,8,1285.44211
63.249018,7,1287.318267
64.436696,7,1289.243869
29.579463,4,1290.552504
54.391324,5,1291.943457
79.203753,6,1293.615258
29.700228,4,1294.86957
48.780077,4,1296.134651
28.195121,4,1297.375597
24.169749,3,1298.441698
84.888998,8,1300.538073
38.482494,4,1301.775001
74.673838,7,1303.668887
87.811338,8,1305.745791
23.841613,3,1306.7933
34.528538,3,1307.83549
24.486966,3,1308.892895
99.205553,9,1311.237004
37.216238,4,1312.490151
109.135817,8,1314.501448
34.094907,5,1315.965468
74.076264,7,1317.789803
34.551748,5,1319.268143
67.407278,6,1320.927439
54.669415,5,1322.415885
29.671952,4,1323.629286
79.344378,8,1325.71612
69.075809,6,1327.339118
34.726151,3,1328.375481
24.298309,3,1329.459105
82.939095,7,1331.32609
174.697828,14,1334.618126
24.018772,3,1335.660041
147.77902,12,1338.493767
54.263918,5,1339.92591
68.215962,6,1341.576009
48.859649,4,1342.843934
27.796065,4,1344.078755
147.453622,14,1347.559174
37.914116,4,1348.813391
59.594618,6,1350.478213
34.265838,3,1351.593983
24.195737,3,1352.682102
48.246337,4,1353.862726
34.251985,3,1354.895133
68.782996,8,1356.969239
34.481071,3,1358.014026
54.314803,5,1359.568928
54.633511,5,1361.018038
72.573396,7,1363.038835
39.819197,4,1364.302794
79.135626,8,1366.390801
34.615756,3,1367.445432
34.429235,3,1368.480851
34.569102,3,1369.483776
29.531387,4,1370.661719
94.066379,7,1372.661564
49.714628,4,1373.944507
34.564369,3,1374.975895
89.86993,9,1377.25787
39.666207,4,1378.462402
82.390838,7,1380.328759
23.073454,3,1381.383381
53.668657,5,1382.885665
79.241025,8,1384.99552
33.695749,3,1386.042046
64.727276,5,1387.541574
68.146006,6,1389.200755
34.597249,3,1390.194393
49.722507,4,1391.450452
77.483376,8,1393.604493
29.341762,4,1394.857558
39.488235,6,1396.637239
39.867699,4,1397.911716
24.418275,3,1398.937757
38.143343,4,1400.356521
54.494275,5,1401.829716
77.143827,8,1403.884962
158.589299,13,1407.005619
32.914723,3,1408.110079
43.265732,5,1409.550594
73.30823,7,1411.427074
34.192947,3,1412.462873
93.220444,9,1414.868434
28.93102,4,1416.143828
44.212206,5,1417.729951
34.528413,3,1418.753125
24.554889,3,1419.75581
163.707136,13,1422.814231
77.542826,8,1424.895968
33.394346,5,1426.463017
43.844771,5,1427.903807
49.707786,4,1429.30429
29.385517,4,1430.607839
39.016862,4,1431.853629
24.434508,3,1432.929401
24.189497,3,1434.012671
54.219799,5,1435.437111
59.521733,6,1437.107333
103.906157,9,1439.39481
33.185071,3,1440.380389
24.409657,3,1441.396059
69.151437,6,1443.091511
82.048452,7,1444.971771
48.718594,6,1446.783784
83.361977,9,1449.059791
29.39752,4,1450.282038
28.408301,4,1451.523879
98.708363,8,1453.600962
44.712698,5,1455.255827
39.750044,4,1456.447719
39.52347,4,1457.712882
71.149089,7,1459.570549
39.540791,4,1460.823271
29.673176,4,1462.012546
34.418639,3,1463.058215
93.018722,9,1465.351823
33.043464,3,1466.368043
39.065234,4,1467.62941
34.231416,3,1468.694752
29.772973,4,1469.905698
75.647829,10,1472.388164
33.659509,3,1473.4107
34.191035,3,1474.435405
79.226135,6,1476.09156
34.440656,3,1477.066922
28.776158,4,1478.270152
79.341827,8,1480.313327
27.630041,4,1481.52644
64.575849,7,1483.424121
34.477215,3,1484.456315
29.753772,4,1485.700344
29.89503,4,1486.933906
29.748079,4,1488.206265
103.776695,9,1490.434921
63.933944,7,1492.412903
38.243071,4,1493.677811
34.31707,5,1495.159081
44.806082,5,1496.611629
49.533259,6,1498.272121
34.22309,3,1499.348069
24.666591,3,1500.434877
34.454723,3,1501.465474
53.473108,7,1503.35524
39.577223,4,1504.567202
39.518011,4,1505.788172
34.800037,3,1506.842791
34.723978,3,1507.885468
95.163307,8,1509.939165
29.593193,4,1511.192726
34.517639,3,1512.220046
39.611521,4,1513.434467
129.881026,11,1516.128936
260.91674,19,1520.463398
29.712488,4,1521.716906
39.476276,4,1522.877559
68.923195,9,1525.192715
39.027954,4,1526.38627
74.640738,7,1528.236159
123.787812,9,1530.491744
112.549257,9,1532.7182
59.56392,6,1534.416411
34.700482,3,1535.460715
49.302805,4,1536.717713
49.830952,6,1538.398923
24.642636,3,1539.407701
94.513042,7,1541.221578
29.68661,4,1542.483808
24.592306,3,1543.551757
59.218584,8,1545.639529
89.249332,8,1547.664778
66.540476,6,1549.283855
39.572252,4,1550.606162
138.437931,12,1553.467754
24.420749,3,1554.516199
87.863703,8,1556.525001
23.787717,3,1557.498904
33.766857,3,1558.51568
29.56042,4,1559.742728
34.633422,3,1560.811762
69.391498,6,1562.461397
34.69117,3,1563.546378
24.575081,3,1564.551415
57.212868,6,1566.219187
39.495423,4,1567.509998
49.524595,4,1568.789944
59.069424,8,1570.866584
39.298038,4,1572.110327
88.351802,9,1574.429781
59.821877,6,1576.127751
64.179751,7,1577.985943
39.58989,4,1579.220306
34.450514,3,1580.223397
64.579254,7,1582.029259
48.892984,4,1583.24234
33.010104,5,1584.694181
43.403592,5,1586.15844
44.342807,5,1587.572105
57.507633,6,1589.240051
29.577622,4,1590.459033
28.569679,4,1591.642057
33.725723,3,1592.699775
93.90318,10,1595.250087
33.688493,5,1596.741238
58.055719,6,1598.393301
76.330286,8,1600.452582
113.975534,9,1602.684311
39.145495,4,1603.867225
54.395963,5,1605.34359
48.742356,4,1606.556518
78.608659,8,1608.672339
87.325983,8,1610.770072
29.788987,4,1612.026906
43.990882,5,1613.500922
82.615729,7,1615.430081
117.390552,10,1617.962631
28.812802,4,1619.183318
44.510903,5,1620.632066
33.497878,5,1622.104399
34.457951,5,1623.588158
24.274315,3,1624.662788
88.527681,9,1626.919995
53.784132,5,1628.404418
43.869946,5,1629.823756
101.000952,9,1632.087409
34.650159,3,1633.171541
44.552024,5,1634.572007
87.813705,8,1636.618523
121.98796,11,1639.350045
39.67005,4,1640.545888
34.457877,3,1641.573609
96.85498,10,1644.076663
39.731453,4,1645.299994
102.994181,9,1647.531012
97.124688,8,1649.644255
34.569638,3,1650.708725
19.827915,2,1651.623841
29.697875,4,1652.891737
39.757163,6,1654.602407
147.177625,14,1657.884136
39.737587,4,1659.074554
54.818294,5,1660.504417
34.20677,3,1661.518827
82.835924,7,1663.403798
94.266851,7,1665.274087
48.943192,4,1666.574383
63.411388,5,1668.053609
64.272459,5,1669.47521
29.651309,4,1670.747139
33.807694,3,1671.779138
77.047341,8,1673.803008
44.664004,5,1675.225826
86.832591,8,1677.259982
136.323044,12,1680.163063
117.447623,10,1682.614146
77.761494,8,1684.681953
49.491368,4,1685.975082
28.778797,4,1687.247733
43.116208,5,1688.687654
97.458586,8,1690.737497
34.372214,3,1691.762692
39.351795,4,1692.983317
29.800219,4,1694.245803
34.616548,5,1695.738406
39.691307,4,1697.032007
54.690574,5,1698.431674
128.302692,10,1700.928293
138.616436,12,1703.81494
29.622388,4,1705.080043
77.3864,8,1707.165924
44.605147,5,1708.627924
87.603886,8,1710.670442
39.726853,4,1711.934532
29.781544,4,1713.217091
34.458034,3,1714.240646
59.591412,6,1715.908744
109.760876,11,1718.587417
28.816655,4,1719.792064
23.713862,3,1720.837289
63.97795,5,1722.277468
33.868865,3,1723.311834
44.571959,5,1724.73476
54.540376,5,1726.160314
64.461182,5,1727.612495
53.778816,5,1729.079971
71.39651,7,1730.922197
104.270649,9,1733.230774
34.46153,3,1734.236413
90.794688,9,1736.538371
34.431512,3,1737.596266
29.788246,4,1738.793545
24.395851,3,1739.80894
34.246113,3,1740.854067
38.850245,4,1742.097345
78.799261,8,1744.2241
28.881463,4,1745.456434
64.15447,5,1746.869697
34.616327,3,1747.866124
34.685839,3,1748.861346
68.490515,6,1750.458905
34.677439,3,1751.433402
24.609748,3,1752.511169
34.50695,3,1753.587408
114.323397,9,1755.901258
43.623077,5,1757.403209
29.545016,4,1758.566083
49.410828,6,1760.19323
34.115059,3,1761.179379
43.696179,5,1762.642403
43.882026,5,1764.192145
49.535812,6,1765.892112
34.408514,3,1766.883671
64.30197,7,1768.762695
53.255442,5,1770.251229
34.389795,3,1771.326883
29.13235,4,1772.547479
74.316208,7,1774.365441
24.089796,3,1775.428365
34.469707,3,1776.455049
87.996581,8,1778.461349
34.361726,3,1779.418701
34.4303,3,1780.434186
84.297746,8,1782.467728
34.609651,3,1783.472212
29.848486,4,1784.724378
28.623804,4,1786.006696
120.900735,11,1788.743101
34.391159,5,1790.235207
83.92934,7,1792.07637
44.675321,5,1793.607368
68.012842,6,1795.239923
127.032135,12,1798.101094
39.211886,4,1799.337007
24.113896,3,1800.363124
97.158268,9,1802.665485
68.938214,6,1804.335535
33.850068,3,1805.342952
48.840447,6,1807.054121
39.669794,4,1808.330338
34.500102,3,1809.406709
24.441576,3,1810.524267
64.340795,7,1812.429134
29.723968,4,1813.672186
23.896236,3,1814.716089
34.801072,3,1815.731475
103.895466,9,1817.997849
34.264992,5,1819.452076
43.557818,5,1820.921008
14.077963,3,1822.277955
59.60265,6,1823.945889
34.398128,3,1824.972485
29.62999,4,1826.232485
9.857039,2,1827.167098
28.946791,4,1828.428221
48.725626,4,1829.648314
34.431585,3,1830.63353
49.385348,4,1831.838084
115.122752,10,1834.329659
39.808033,4,1835.622662
49.440925,4,1836.877194
54.088694,5,1838.316502
71.495118,7,1840.286624
34.746879,3,1841.282286
38.828457,4,1842.730455
49.466255,4,1843.978539
105.606015,10,1846.458776
49.322235,6,1848.0977
48.918965,4,1849.362259
46.786379,6,1850.99831
38.672305,4,1852.208696
24.669628,3,1853.232248
17.616328,4,1854.705643
33.261646,3,1855.691476
178.731049,15,1859.405711
63.240598,7,1861.418477
68.826199,8,1863.534616
29.686789,4,1864.841209
33.40837,5,1866.302587
39.702609,4,1867.525544
44.62255,5,1869.144367
34.458485,3,1870.18193
102.990911,9,1872.477301
54.740186,5,1873.919433
53.065249,9,1876.182793
23.320875,3,1877.155278
116.66042,11,1879.86446
34.808025,5,1881.383415
24.849993,3,1882.409876
24.176578,3,1883.413486
48.040324,4,1884.653238
29.649567,4,1885.9257
44.611326,5,1887.38972
54.678984,5,1888.811197
89.293618,8,1891.036955
49.42214,6,1892.696174
34.59178,5,1894.249489
28.437685,4,1895.452583
107.929051,10,1897.902277
53.400693,9,1900.258162
34.64576,3,1901.244144
44.482844,5,1902.693637
59.467835,6,1904.395887
48.027358,6,1906.042903
52.691965,5,1907.525113
85.283028,8,1909.600375
49.476148,4,1910.877386
68.009002,6,1912.566224
69.243693,6,1914.231777
89.349746,8,1916.287849
34.561805,3,1917.282311
78.355329,8,1919.363694
37.921503,4,1920.625611
82.783444,7,1922.431851
125.836981,10,1924.943835
54.380742,5,1926.406128
24.422762,3,1927.498448
34.428298,3,1928.492209
44.707801,5,1929.902004
24.661246,3,1930.986131
53.553531,5,1932.571867
73.536209,7,1934.450985
34.255397,3,1935.476134
54.367793,5,1936.93657
99.309177,8,1938.977548
28.933838,4,1940.239771
104.255849,11,1942.912659
86.761299,8,1944.970393
27.630814,4,1946.286422
29.767686,4,1947.517502
140.09995,15,1951.070075
64.357526,5,1952.460606
87.093846,8,1954.487135
107.676107,10,1956.981245
98.886146,8,1959.041852
39.041018,4,1960.266316
34.261687,3,1961.270457
92.256955,9,1963.601119
33.425511,3,1964.665375
34.481563,3,1965.722357
97.675938,8,1967.773709
108.860567,10,1970.243535
52.554456,5,1971.705738
34.794055,3,1972.719342
82.946802,7,1974.623492
68.525652,6,1976.26557
39.857198,4,1977.542918
34.575666,3,1978.597095
29.698542,4,1979.809111
94.32175,9,1982.058264
23.997432,3,1983.132939
93.889411,7,1985.038667
163.178044,13,1988.222715
69.383322,6,1989.913892
90.842414,9,1992.156427
39.885327,4,1993.420991
49.365441,4,1994.620175
64.620265,7,1996.472306
108.892874,10,1998.905806
33.907661,3,1999.950956
34.85508,3,2000.976463
34.305559,3,2001.991854
59.309128,8,2004.061108
29.319367,4,2005.305255
44.470899,5,2006.796208
112.457672,9,2009.135537
79.184601,6,2010.81227
89.705282,9,2013.13912
150.582063,13,2016.202762
89.377916,8,2018.331141
93.223274,9,2020.620823
158.956694,12,2023.457671
34.406108,3,2024.515416
49.115247,6,2026.158929
39.460728,4,2027.625223
64.350743,7,2029.453286
29.650275,4,2030.716789
94.333864,7,2032.597905
34.635085,3,2033.627671
34.780969,3,2034.652266
24.685714,3,2035.708393
95.357099,12,2038.683881
64.442667,5,2040.154304
161.461812,11,2042.814086
33.467739,3,2043.900215
63.986031,7,2045.817927
34.719186,3,2046.810229
54.369346,5,2048.252026
92.744391,9,2050.544662
34.621836,3,2051.539644
39.623869,4,2052.784112
44.829492,5,2054.270414
98.922093,8,2056.342448
39.857749,4,2057.616245
39.800984,4,2058.865476
113.258519,11,2061.583887
79.043672,8,2063.600335
34.628108,3,2064.65653
39.641791,4,2065.951324
54.104628,5,2067.432487
24.248435,3,2068.528578
45.970759,6,2070.246594
87.846752,8,2072.31725
24.112243,3,2073.375652
23.832367,3,2074.42039
28.825087,4,2075.672159
47.168681,6,2077.327442
170.505061,15,2080.794489
29.282581,4,2082.048131
23.756317,3,2083.065963
42.840244,5,2084.488718
69.364389,6,2086.187371
59.498018,6,2087.915649
74.486787,7,2089.77059
29.731058,4,2091.037127
33.810236,3,2092.061203
39.596048,4,2093.359851
39.761514,4,2094.616366
39.676926,4,2095.918959
73.957116,7,2097.791481
33.99197,5,2099.216249
59.816101,6,2100.897
24.437314,3,2101.952978
34.675335,3,2103.008352
92.588731,9,2105.335281
82.705271,9,2107.655722
59.527356,6,2109.346171
34.746584,3,2110.361143
164.186927,14,2113.689229
23.829239,3,2114.676042
58.502022,6,2116.370728
28.898963,4,2117.59261
87.481622,8,2119.677766
73.107944,7,2121.529752
87.746386,8,2123.643981
38.804454,4,2124.835536
34.584076,3,2125.845985
57.640855,6,2127.546222
227.262129,18,2131.692011
68.540726,6,2133.351045
137.321909,12,2136.290217
24.350827,3,2137.315268
86.483268,8,2139.354335
69.253037,6,2140.936547
83.95366,8,2142.972512
24.772331,3,2144.01447
64.37002,7,2145.922822
39.583765,4,2147.174097
39.371571,4,2148.345889
39.599379,4,2149.599509
109.014433,8,2151.687944
34.394921,3,2152.695063
32.77173,5,2154.250639
52.650877,5,2155.753281
39.463084,4,2157.046103
34.506065,3,2158.122221
39.909683,4,2159.345406
34.76981,3,2160.432044
49.438224,4,2161.623429
34.360035,3,2162.657004
28.407971,4,2163.889759
64.456831,5,2165.322063
137.482722,12,2168.200649
82.939915,9,2170.50505
74.348183,7,2172.382338
79.513569,8,2174.418092
38.93202,4,2175.645321
29.832692,4,2176.920355
29.470607,4,2178.202771
34.891333,3,2179.206583
44.808853,5,2180.641352
118.651658,10,2183.132856
78.493207,6,2184.77238
54.388844,5,2186.221033
29.111445,4,2187.484465
222.435622,19,2191.873705
71.791934,7,2193.661528
39.357658,4,2194.905817
79.256191,7,2196.720157
49.046289,6,2198.47338
33.986332,5,2199.889181
83.39567,7,2201.699272
39.728187,4,2202.90703
29.632355,4,2204.130392
33.673963,3,2205.19705
79.26046,6,2206.900478
73.413991,7,2208.699477
69.68907,6,2210.459815
39.356704,4,2211.69175
69.134212,6,2213.391077
14.349712,3,2214.560819
34.437122,3,2215.600507
39.77621,4,2216.842049
29.098077,4,2218.023286
29.823211,4,2219.390507
143.451207,11,2222.133342
39.860034,4,2223.346399
24.858378,3,2224.348741
34.50183,3,2225.414037
59.810842,6,2227.04577
93.004947,9,2229.322322
38.406038,4,2230.585571
117.521319,10,2233.11513
34.456258,3,2234.171104
29.646972,2,2235.166578
53.937736,5,2236.590086
87.493001,8,2238.701295
24.495262,3,2239.694244
29.486947,4,2240.905757
24.24255,3,2241.999287
43.057896,5,2243.489083
134.10824,11,2246.245168
103.304387,11,2249.111159
67.380956,6,2250.746351
29.673371,4,2252.260384
29.478159,4,2253.473419
29.257533,4,2254.747802
33.830132,3,2255.824886
69.534226,6,2257.483484
88.043601,8,2259.568347
34.215514,3,2260.633331
24.356542,3,2261.644204
54.433939,5,2263.04478
113.688237,9,2265.31563
116.178831,12,2268.269681
34.237632,5,2269.752689
49.194938,4,2271.046848
88.894171,9,2273.488749
49.820196,6,2275.197768
54.409396,5,2276.730359
24.708294,3,2277.768305
34.575682,3,2278.799844
58.803491,6,2280.410271
87.250567,8,2282.416842
49.339666,4,2283.671133
88.197864,8,2285.731047
28.777893,4,2287.047761
94.090391,9,2289.374692
33.724017,3,2290.464502
49.485399,4,2291.695339
28.999278,4,2292.929732
34.53575,3,2294.116311
54.199134,5,2295.58971
28.822247,4,2296.832811
34.729285,3,2297.933834
39.59852,4,2299.196824
113.530016,9,2301.456841
39.521759,4,2302.720366
24.502472,3,2303.806946
74.315382,7,2305.688515
29.574889,4,2306.878907
54.612008,5,2308.336784
44.579153,5,2309.727869
49.524038,6,2311.495384
79.331305,6,2313.155702
24.718335,3,2314.206171
29.555478,4,2315.445542
39.153807,4,2316.667507
34.56724,3,2317.709432
54.687179,5,2319.219867
63.763268,7,2321.088722
48.499184,4,2322.391605
34.080176,3,2323.475408
24.288068,3,2324.486686
99.284706,8,2326.58083
49.636846,6,2328.259769
33.434915,3,2329.334869
117.887152,10,2331.82305
39.802374,4,2333.074261
64.180116,5,2334.507353
29.743567,4,2335.782056
54.768493,5,2337.272298
39.498522,4,2338.523316
24.707722,3,2339.537961
57.201886,6,2341.243106
29.80129,4,2342.44487
49.62808,6,2344.133382
34.663455,3,2345.198162
85.904886,8,2347.325722
79.231028,6,2348.985323
153.56534,13,2352.135183
89.347383,8,2354.251768
54.717642,5,2355.755298
81.893432,9,2358.057013
51.928855,5,2359.497717
29.278286,4,2360.755616
34.82954,3,2361.818979
92.665819,9,2364.074769
49.558388,4,2365.328025
24.49933,3,2366.400561
34.775126,5,2367.811866
143.477216,11,2370.563238
48.992116,4,2371.824113
39.720901,4,2373.03722
53.93667,7,2374.93414
126.935345,14,2378.257091
24.404554,3,2379.353479
100.989295,9,2381.609157
69.752888,6,2383.411883
24.664501,3,2384.420253
49.144459,4,2385.663416
39.543557,4,2386.938619
24.263785,3,2388.012707
37.649754,4,2389.24434
109.429067,10,2391.729805
49.336096,4,2392.982286
82.64399,7,2394.850609
91.123199,9,2397.130794
73.601765,7,2399.024712
39.622199,4,2400.297202
59.444504,6,2401.947645
104.011799,9,2404.255804
34.236373,3,2405.269961
34.71449,3,2406.285631
24.693837,3,2407.375541
87.164358,8,2409.458868
102.840892,9,2411.721176
29.554945,4,2413.04602
57.702704,6,2414.711302
24.171505,3,2415.834912
34.162381,3,2416.919697
28.788444,4,2418.112254
64.275728,5,2419.558487
74.184034,7,2421.387062
39.641993,4,2422.666964
57.657157,6,2424.315256
107.825688,10,2426.843484
23.202723,3,2427.938332
49.335307,6,2429.578036
44.694529,5,2431.049506
39.496346,4,2432.329419
39.540647,4,2433.550157
84.267503,7,2435.409497
54.181519,5,2436.873448
89.04618,8,2438.998873
34.396401,3,2439.961858
64.336788,7,2441.808193
94.229281,9,2444.153483
73.370472,9,2446.426888
23.318457,3,2447.419193
48.113523,4,2448.697284
54.115089,5,2450.10622
39.676066,4,2451.401551
59.548386,6,2453.033563
44.552964,5,2454.51912
39.727665,4,2455.772823
24.321923,3,2456.809092
33.965772,3,2457.86712
34.501969,3,2458.913106
78.257683,8,2460.910578
23.989539,3,2461.975344
117.109561,10,2464.499609
24.404539,3,2465.503607
34.099602,3,2466.539191
77.170392,8,2468.589973
152.89725,11,2471.329168
101.291447,11,2474.09125
63.494674,5,2475.57375
28.142239,4,2476.827531
39.49817,4,2478.041718
34.434951,3,2479.076845
53.849835,5,2480.488405
106.794347,10,2483.030244
44.722739,5,2484.432124
78.986627,8,2486.464682
59.64962,6,2488.14292
59.749787,6,2489.780581
24.518039,3,2490.849723
42.999492,5,2492.372294
24.358826,3,2493.47857
29.746193,4,2494.77897
24.776324,3,2495.886853
54.467534,5,2497.351306
53.469356,5,2498.788404
24.645099,3,2499.833954
183.79034,15,2503.364192
23.765476,3,2504.349395
29.107361,4,2505.605937
29.542447,4,2506.818792
44.680872,5,2508.243608
173.632744,15,2511.778373
39.84161,4,2513.034792
106.556746,12,2515.909196
69.541854,8,2517.993641
49.455815,6,2519.64392
84.768567,8,2521.708265
77.57613,8,2523.823722
24.464054,3,2524.859975
87.317402,8,2526.946984
34.584401,3,2527.938773
34.821696,3,2528.951118
43.628007,5,2530.455017
63.309614,5,2531.931748
34.453184,3,2533.018649
95.988068,10,2535.563308
34.093844,3,2536.618918
38.826945,4,2537.896576
64.364864,5,2539.381495
147.199892,14,2542.765824
39.814728,4,2543.949555
83.759381,7,2545.80441
39.645293,4,2547.06255
63.371045,5,2548.553667
42.186532,5,2550.01359
44.578295,5,2551.450263
39.645016,4,2552.722896
78.273227,8,2554.800456
38.791517,4,2556.104216
118.966755,10,2558.569037
87.455827,8,2560.587398
34.827367,3,2561.631178
48.773799,4,2563.039972
33.957151,3,2564.094109
114.971228,10,2566.64726
24.628066,3,2567.680578
34.531027,3,2568.663437
43.340639,5,2570.092119
28.170583,4,2571.333673
147.19647,12,2574.233012
57.45244,6,2575.91301
24.487041,3,2576.959286
49.328742,6,2578.65609
47.832322,4,2579.889489
79.661296,9,2582.124482
29.674825,4,2583.348897
97.967619,10,2585.836086
47.602562,6,2587.536158
83.964443,7,2589.407665
43.796893,7,2591.344439
49.453561,4,2592.681114
52.468669,5,2594.119825
98.979993,10,2596.57362
23.912118,3,2597.595934
29.521421,4,2598.844486
69.423311,6,2600.526198
44.783813,5,2602.051812
24.476638,3,2603.139012
36.116708,6,2604.786025
87.850128,8,2606.842822
52.709189,5,2608.291481
34.409687,3,2609.285485
73.080532,7,2611.110482
63.318939,5,2612.602509
34.732378,3,2613.648059
39.711165,4,2614.900178
117.625962,10,2617.436412
24.365921,3,2618.567057
87.839251,8,2620.683011
44.742605,5,2622.113744
88.590444,8,2624.170492
34.238072,3,2625.288345
58.356517,6,2626.869016
89.86121,9,2629.194099
79.252799,8,2631.366912
48.464134,8,2633.466443
39.532527,4,2634.717877
24.625528,3,2635.772535
113.479831,11,2638.490776
59.623935,6,2640.140925
133.981986,11,2642.799181
108.700785,8,2644.934433
39.444192,4,2646.187231
34.511425,3,2647.245842
53.441258,5,2648.657204
38.907659,4,2649.881512
87.482239,8,2651.968665
93.166632,9,2654.261409
34.594784,3,2655.414484
39.575221,4,2656.736337
116.973666,10,2659.177909
84.435429,7,2661.185191
38.848011,6,2662.813227
103.225188,10,2665.344685
33.206007,3,2666.339469
38.728446,4,2667.614905
24.26575,3,2668.651723
33.74153,3,2669.707778
29.705707,4,2670.939839
54.671623,5,2672.318868
39.569319,4,2673.602414
133.410536,9,2675.901176
24.437275,3,2676.906828
69.082005,6,2678.55655
24.540171,3,2679.570551
66.574966,6,2681.210216
92.49042,9,2683.44274
34.377922,3,2684.476569
75.547043,8,2686.561377
93.037841,9,2688.827963
44.711723,5,2690.23472
44.21438,5,2691.724414
83.838286,7,2693.620142
24.468669,3,2694.665832
59.699893,9,2696.933316
34.538649,3,2697.987685
67.687871,6,2699.591108
91.783292,11,2702.250752
34.500641,3,2703.354952
86.91441,8,2705.449868
53.846535,5,2706.87038
34.022711,3,2707.845622
47.46702,6,2709.485294
53.690855,7,2711.292155
39.013964,6,2712.937467
37.326008,4,2714.190454
39.002658,4,2715.433292
29.250733,4,2716.673643
27.971309,4,2717.948616
39.461679,6,2719.589936
24.859722,3,2720.63572
34.464208,3,2721.661651
54.334298,5,2723.072081
34.358354,3,2724.148491
34.582291,3,2725.143452
24.504054,3,2726.207316
84.390706,7,2728.159036
49.258468,6,2729.81917
69.516666,6,2731.509338
28.854965,4,2732.73153
49.554784,4,2733.983366
86.162581,8,2736.066329
37.673488,4,2737.386986
68.076,6,2739.000011
72.212067,7,2741.084319
39.638646,4,2742.350572
44.58711,5,2743.758269
108.792015,10,2746.223871
29.460996,4,2747.393444
34.750427,3,2748.417782
107.824134,8,2750.459554
85.165511,8,2752.477961
12.436029,3,2753.580128
64.477627,5,2755.070189
59.006689,6,2756.766487
34.456286,3,2757.829167
39.107135,4,2759.081591
87.409936,8,2761.184248
34.423465,3,2762.20643
39.65309,4,2763.447092
34.398025,3,2764.440336
34.574199,3,2765.433948
24.163898,3,2766.440449
29.409919,4,2767.692575
34.373917,3,2768.677325
29.320853,4,2769.879468
24.655641,3,2771.092969
110.408366,9,2773.43996
72.373552,7,2775.241741
54.556701,7,2777.117615
120.727321,13,2780.220654
84.009855,8,2782.336251
68.074267,6,2784.004295
63.822705,7,2785.838905
48.835283,4,2787.068392
34.088741,3,2788.092552
93.204659,12,2791.031596
39.397169,4,2792.234064
48.027288,6,2793.928365
99.422884,8,2796.00701
34.364087,3,2796.991169
34.727163,3,2797.994886
39.815478,4,2799.225912
108.203036,10,2801.707454
74.183778,9,2804.034055
54.372088,5,2805.417135
29.787233,4,2806.626438
39.785065,4,2807.806068
29.747057,4,2809.078472
118.763568,10,2811.56157
39.207826,4,2812.865602
24.595652,3,2813.899151
24.320448,3,2814.964856
29.806799,4,2816.268315
88.168316,8,2818.36575
34.892108,3,2819.340021
87.774585,8,2821.382996
34.470468,3,2822.425813
77.436152,8,2824.461935
34.62965,3,2825.477467
24.309827,3,2826.491912
34.665575,3,2827.529213
34.49468,3,2828.58471
108.90984,8,2830.685452
24.541894,3,2831.751582
99.487537,8,2833.851284
34.766817,5,2835.872092
44.982315,5,2837.323419
44.958577,5,2838.775905
34.958162,5,2840.309021
34.982832,5,2841.743209
34.586897,3,2843.270562
59.679547,6,2844.951923
24.360516,3,2845.981194
33.844862,3,2847.17749
