#{"t_start": 1599227363.373105, "env_id": "WalrusStairs-v0"}
r,l,t
31.43714,29,8.621202
114.448483,41,17.598087
-48.473923,29,23.986254
-58.89916,43,33.387769
36.422608,91,52.688574
-14.65174,10,55.198011
-58.899705,73,70.834733
-192.718583,172,107.157989
205.584273,84,125.0211
68.259536,16,128.744815
244.317382,191,168.948286
-34.33662,161,202.84004
-46.013089,24,208.221372
-74.691234,169,243.982019
11.830463,20,248.540754
25.996867,23,253.755187
130.770386,76,269.949085
21.028005,58,282.429141
10.527888,107,305.105683
-55.809309,47,315.260672
-1.53538,12,318.151193
-6.772176,23,323.341077
-11.176317,17,327.310056
-2.562859,43,336.616355
-46.50923,26,342.509925
-36.039754,63,356.029427
-96.686231,91,375.407967
1.58858,20,380.001544
35.353721,16,383.758245
-63.35069,45,393.511579
115.766122,29,399.920736
-14.301869,66,414.046645
-29.753957,15,417.602958
102.321373,58,430.239759
89.281717,30,436.943448
48.335801,18,441.078237
-52.357378,41,450.062875
87.684574,29,456.512051
68.748938,46,466.466862
-210.420761,103,488.315804
-209.156447,86,506.607895
-10.350473,10,509.105993
10.720654,15,512.675489
8.044685,13,515.826561
28.249639,25,521.477694
22.813766,73,537.126329
11.87093,34,544.63149
-46.105231,25,550.263234
-290.717119,170,586.028911
-157.707758,165,620.957081
47.565983,13,624.074429
32.008128,53,635.450514
-18.280901,36,643.390237
17.928753,65,657.340665
-39.092752,31,664.201965
-70.933292,59,676.827888
-4.108099,11,679.451288
-20.935539,15,682.980225
156.638014,37,691.0574
156.236716,60,703.964539
48.082796,70,719.049404
-34.775117,47,729.238908
-3.988575,136,757.931433
-21.426942,103,779.775057
-7.956909,13,782.891916
102.301524,95,803.084347
13.847898,13,806.210004
-6.516152,9,808.514544
-204.809885,84,826.375511
-24.226697,54,838.063975
-34.688601,78,854.831211
65.486371,32,861.86117
-55.093868,23,867.098176
-75.548503,37,875.190797
10.71157,7,877.104304
16.73928,21,881.830848
-183.894216,304,945.540403
-16.937726,24,950.900379
-141.294152,59,963.594682
-33.283608,21,968.385985
103.267993,47,978.58162
1.158222,19,982.901187
-43.897558,25,988.535667
-12.113494,14,991.87595
14.828012,59,1004.622212
-8.390339,14,1007.883108
-2.247327,9,1010.261183
-2.089383,19,1014.593374
21.910865,48,1025.064527
60.600128,53,1036.551712
-107.512317,113,1060.478525
-117.855638,70,1075.45293
-64.636563,55,1087.307634
-15.720639,62,1100.603232
0.754075,32,1107.614656
-30.484613,31,1114.507222
43.386149,24,1119.894818
-32.623904,38,1128.203885
158.892447,118,1153.166193
-32.877924,33,1160.469009
-0.652751,36,1168.376053
-24.568049,67,1182.716866
56.642439,65,1196.66392
-0.292807,38,1204.934096
51.53144,31,1211.834419
-27.309542,58,1224.294091
16.821426,21,1229.126431
-73.006825,63,1242.64729
-34.995337,19,1246.997587
-73.255083,121,1272.59863
13.917277,18,1276.774406
-9.624028,10,1279.239324
-45.534592,13,1282.359944
-34.686753,24,1287.766934
-34.456871,19,1292.125887
1.160131,37,1300.264141
-0.149941,36,1308.192285
-3.591027,21,1313.045913
13.745206,17,1316.974287
-41.516036,149,1348.37604
-51.983066,27,1354.467036
25.896692,27,1360.502946
-14.251818,15,1363.973765
-25.099285,17,1367.935349
-6.83317,27,1374.013191
-76.545149,288,1434.508305
-210.396427,212,1479.014218
41.537605,104,1501.044203
-21.980958,12,1503.969748
-9.576375,20,1508.473543
-27.749864,46,1518.45795
-19.66592,17,1522.420784
0.967695,12,1525.36851
-6.59062,5,1526.869685
-27.154302,98,1547.829355
-22.745811,54,1559.447753
1.90936,11,1562.167594
223.800755,151,1594.114393
22.049304,35,1601.885
112.782241,91,1621.161633
-189.020357,110,1644.433175
22.332374,93,1664.268475
-87.848989,62,1677.587749
-106.698152,117,1702.293006
-214.750403,93,1721.980308
-29.671533,26,1727.8798
-9.919014,49,1738.493563
-81.732049,36,1746.297931
54.558094,28,1752.58048
-48.124134,70,1767.576233
-176.445813,173,1803.989296
13.810378,10,1806.437221
-40.981089,32,1813.477982
-61.366989,80,1830.565756
12.832771,72,1845.896189
12.288566,15,1849.4032
51.086777,96,1869.909927
-32.979704,28,1876.085624
-17.467693,15,1879.685371
-32.179725,14,1883.003812
-55.064115,34,1890.452955
-108.428015,71,1905.670181
15.859855,18,1909.825261
-0.789698,30,1916.468304
-96.806237,84,1934.404557
26.563521,32,1941.494339
17.808258,81,1958.772757
131.408866,69,1973.514777
12.903011,30,1980.298012
60.151434,36,1988.275424
10.154608,21,1993.084567
-6.134091,27,1999.128178
-45.771039,50,2009.977655
-172.015007,88,2028.656352
-30.63541,78,2045.383758
-17.129713,14,2048.671385
-23.560121,54,2060.288469
87.446794,27,2066.309949
-134.190689,65,2080.249163
-139.957402,96,2100.627598
-146.31709,108,2123.576216
-63.247199,76,2139.792205
19.381408,12,2142.7231
13.836853,13,2145.785708
6.756973,14,2149.038866
-236.013485,10000,4245.255454
-233.931168,10000,6330.633017
-232.348949,10000,8413.809657
-228.690024,10000,10500.286818
-228.759046,10000,12584.07482
-14.493098,20,12588.609334
15.942162,20,12593.178226
201.344735,108,12616.09712
-208.783353,130,12643.542684
-83.222566,57,12655.788182
-40.27959,49,12666.370746
69.265772,25,12671.981822
4.678805,32,12679.050572
39.063993,31,12685.966176
-20.551697,11,12688.631876
17.474263,18,12692.91589
-46.651905,142,12722.826962
-30.695397,30,12729.498049
-14.391503,104,12751.493629
89.393699,47,12761.81543
-41.62071,102,12783.430224
-11.194049,15,12786.946843
0.073991,8,12788.988761
2.765803,11,12791.702054
90.990834,41,12800.655985
-80.411913,50,12811.494688
-2.863938,33,12818.801247
-83.405386,80,12835.901003
-179.844196,69,12850.653911
52.064461,24,12856.093115
-19.725259,7,12857.906901
-58.873143,16,12861.657145
-65.054596,73,12877.216605
-13.410985,6,12878.892937
-1.578343,18,12883.046016
48.028765,19,12887.389131
-76.992346,52,12898.70409
-136.310944,66,12912.840434
3.430145,72,12928.291493
5.648007,10,12930.809812
194.882208,46,12940.81697
190.777668,101,12962.299657
-108.491987,47,12972.511693
-79.13698,127,12999.4003
12.952754,13,13002.509401
-5.165732,48,13013.00351
-15.327661,17,13016.911741
-33.7439,28,13023.130178
-66.208294,165,13057.888966
-13.823075,26,13063.685937
8.03951,11,13066.444517
10.971469,19,13070.817297
-75.430585,37,13078.896025
748.642509,335,13149.005494
-278.430965,224,13195.967422
-56.551528,73,13211.524772
-102.870628,48,13221.936577
-150.783999,65,13235.874644
-68.298695,33,13243.173483
22.903719,18,13247.288936
-52.094068,48,13257.719199
-8.264578,15,13261.255669
-76.088596,47,13271.388667
-11.568988,18,13275.590932
-29.984581,68,13290.152309
-54.622699,42,13299.28651
-77.408845,49,13309.913068
92.528344,64,13323.640028
-210.729352,141,13353.411748
32.389256,33,13360.630624
9.56812,12,13363.485301
-76.883419,48,13373.840369
6.138943,67,13388.29618
-28.886714,80,13405.350476
-12.47905,43,13414.671834
-19.405444,36,13422.595426
70.637344,23,13427.817902
-76.035625,38,13436.105145
-32.748541,22,13441.096869
-7.950219,24,13446.507208
-39.091805,53,13457.882077
207.454334,58,13470.308593
-5.657706,3,13471.378986
54.708762,35,13479.07679
-254.733291,128,13506.189382
289.159424,159,13539.683322
74.298591,54,13551.312264
-46.255397,44,13560.788376
-12.846497,19,13565.156951
-41.002848,70,13580.194633
8.557081,36,13588.022124
-38.801597,56,13600.056067
-14.956259,30,13606.759925
22.232886,33,13614.044089
-21.018779,7,13615.903457
-166.033598,136,13644.666043
468.930458,182,13682.886832
-133.571296,51,13693.894779
36.039274,27,13699.960717
-296.742637,217,13745.473872
-86.460459,43,13754.791539
76.121855,20,13759.400755
-98.234883,38,13767.73374
35.412357,26,13773.569731
-90.833714,46,13783.540872
-35.621585,22,13788.553443
25.469703,14,13791.910118
-168.489618,73,13807.459575
17.933617,16,13811.149814
-20.013193,6,13812.805107
-154.951838,322,13880.147845
14.551704,10,13882.604166
-114.097628,137,13911.424267
212.793955,70,13926.366077
-14.979206,17,13930.280722
-44.312179,21,13935.08935
71.147166,78,13951.75289
8.607147,37,13959.86653
-44.859085,65,13973.681016
-39.444806,36,13981.551324
48.311629,35,13989.25265
-16.209205,32,13996.266189
-32.278068,33,14003.527109
-20.427844,59,14016.206013
14.364446,34,14023.654348
173.170288,127,14050.498656
-160.56252,130,14077.96014
-42.98483,50,14088.740605
-1.722573,16,14092.46029
89.34629,173,14128.786604
-17.272336,13,14131.914403
-5.923055,40,14140.757342
49.95626,29,14147.204981
25.240763,24,14152.626561
-22.070231,18,14156.752169
-4.936233,9,14159.006652
19.942614,81,14176.261328
-46.263859,52,14187.442971
14.00403,50,14198.250055
-134.938421,74,14213.970915
-53.266151,38,14222.2078
-1035.47308,859,14401.27575
8.897163,7,14403.106805
-3.484999,16,14406.744484
-35.430562,52,14417.943512
4.67803,38,14426.216237
-17.458944,19,14430.622159
1.360549,14,14433.955594
-8.701819,5,14435.438344
18.748159,33,14442.756163
-1.433357,10,14445.279174
117.616037,98,14466.136327
-100.150391,37,14474.267605
-99.27968,93,14494.018757
-192.194251,79,14510.850272
28.171142,19,14515.222601
52.947513,78,14531.832511
140.35184,38,14540.074572
54.403232,145,14570.593378
13.76259,11,14573.236485
-102.934877,100,14594.471314
47.95811,26,14600.264854
-116.812939,49,14610.794898
119.932577,93,14630.467793
4.127682,42,14639.627392
-76.967327,90,14658.872549
-79.968768,83,14676.548137
-21.71163,19,14680.904226
-71.134907,43,14690.262791
137.611414,122,14716.055969
-20.938104,33,14723.336162
2.396485,18,14727.400767
-235.449574,10000,16812.288144
-236.11539,10000,18891.917059
-235.324061,10000,20971.538762
-231.119981,10000,23051.363788
-234.775417,10000,25130.991032
-20.848692,10,25133.51877
63.950791,58,25146.005948
-30.584769,34,25153.477241
-6.443834,33,25160.686718
-11.486087,19,25164.953346
-55.091494,43,25174.313398
55.016694,78,25190.963747
-645.238661,376,25269.464123
-49.000043,88,25288.143028
-43.23559,32,25295.279462
27.829815,41,25304.116127
-42.369916,53,25315.556251
-10.957,130,25343.027519
1.437658,15,25346.558358
114.311609,83,25364.121566
9.806189,7,25365.972721
-21.446166,16,25369.684655
37.514028,24,25375.114261
92.631841,140,25404.611597
3.940959,15,25408.11636
-25.432447,43,25417.540749
-166.705858,123,25443.506836
-33.15466,54,25455.135082
-24.232384,44,25464.708419
9.170152,12,25467.62242
-96.137531,66,25481.796242
258.027416,375,25560.158851
-13.258905,12,25563.070718
5.126937,8,25565.109713
9.60137,93,25584.767021
-243.536719,160,25618.589112
-4.174109,175,25655.384957
-179.887098,117,25680.135854
20.40245,11,25682.795309
-3.661396,26,25688.558454
17.257925,10,25691.054915
132.734597,79,25707.932711
14.559837,17,25711.869122
23.309565,19,25716.209574
-252.42954,268,25772.256605
43.156465,37,25780.36495
7.712849,8,25782.389783
-14.2936,28,25788.674607
-214.788747,127,25815.529483
214.489893,157,25848.551522
21.384299,12,25851.478882
165.631472,44,25861.039922
-6.898227,32,25868.149862
-4.199011,23,25873.315668
23.587883,59,25885.914321
-146.386515,79,25902.741127
60.033837,83,25920.511654
-15.825629,78,25937.125467
0.287719,6,25938.797874
24.659955,94,25958.762594
-6.979747,20,25963.342894
42.515232,109,25986.411451
-109.943515,81,26003.631522
-55.989053,67,26017.939121
38.054722,21,26022.737315
-9.236263,15,26026.236313
-21.549073,21,26030.985295
-856.416868,313,26096.55602
-188.916316,148,26127.76917
55.208733,25,26133.379179
-265.397538,101,26154.707761
16.65241,80,26171.884049
8.094812,27,26177.870748
22.003949,18,26182.024764
110.110141,42,26191.127883
3.465325,203,26233.708931
-90.91351,49,26244.34809
108.673955,49,26254.937396
-15.239105,81,26272.093711
101.191985,62,26285.301324
38.339267,21,26290.113541
-38.538869,38,26298.50116
85.9938,26,26304.365347
15.695496,10,26306.867642
-30.638194,28,26313.08162
-8.681187,9,26315.347889
5.493375,149,26346.719325
-175.224331,208,26390.366048
-57.687677,47,26400.547143
13.598037,10,26402.983745
-33.254136,86,26421.276455
-12.100591,20,26425.960208
-2.887863,12,26428.850736
-26.383483,32,26435.856894
-18.419701,29,26442.313688
-68.059352,91,26461.629891
-72.98414,61,26474.661969
-6.296226,20,26479.216157
-10.159664,31,26486.05664
-49.467911,49,26496.630838
-13.34525,15,26500.157968
-44.2912,34,26507.664881
-10.534067,78,26524.249619
7.4886,27,26530.264536
-118.340233,59,26542.890596
210.771579,125,26569.224363
-25.677864,92,26588.789307
-109.643451,118,26613.929703
25.63007,18,26618.033914
35.879725,28,26624.242434
-1.409305,13,26627.358175
-2.669248,26,26633.194374
0.312992,12,26636.087176
-1.510435,21,26640.816079
18.55298,51,26651.832482
-131.233999,256,26705.402725
-38.420823,21,26710.173863
-20.772872,21,26714.953404
90.388584,24,26720.362453
-25.890314,24,26725.721464
-47.779898,19,26730.062406
198.508134,53,26741.5843
-29.348152,56,26753.649828
-35.067852,157,26786.640324
81.719221,27,26792.674182
-1.249497,35,26800.293838
10.183922,16,26804.169024
-36.740094,33,26811.470541
-120.985563,119,26836.598518
3.089453,29,26842.989707
-124.546466,100,26864.269175
-35.34643,103,26886.013608
-34.99567,32,26893.065591
22.548109,62,26906.364705
27.123391,14,26909.65387
3.25709,10,26912.127965
94.372422,65,26926.005578
-1.511041,15,26929.545878
77.303206,88,26948.206313
125.675941,32,26955.227968
-74.573086,33,26962.470623
1.973402,7,26964.331314
-20.436687,34,26971.809357
-126.103857,54,26983.440898
-32.458879,48,26993.841524
-125.922185,57,27006.11751
-20.896111,6,27007.732508
-158.170818,107,27030.347261
33.077635,56,27042.379633
26.842125,111,27065.940737
3.771679,8,27068.02015
65.475307,19,27072.311081
29.487031,34,27079.75235
-21.025823,36,27087.649146
-1.142701,15,27091.16932
-58.166354,103,27112.972498
138.399131,57,27125.192319
195.527224,93,27144.854391
19.57576,48,27155.237781
-110.812558,88,27173.94403
147.862947,51,27185.061912
44.677092,84,27202.921969
-6.667768,22,27207.885803
27.787792,60,27220.693408
11.014786,12,27223.563366
14.027124,20,27228.115896
24.643039,60,27241.020327
73.117349,77,27257.41797
-19.831636,23,27262.578763
-233.379727,10000,29356.360537
-234.496585,10000,31436.047532
-235.326588,10000,33515.81268
-232.67244,10000,35595.425508
-233.089249,10000,37675.037956
-27.286894,24,37680.425436
-125.759776,76,37696.617088
4.458932,13,37699.687304
-50.179744,201,37741.912959
-4.978185,10,37744.394385
0.763785,22,37749.316695
-176.275865,154,37781.732856
22.750545,12,37784.635104
-16.467177,54,37796.221673
-1.602007,37,37804.274985
47.157923,133,37832.283194
7.008203,7,37834.193504
6.314647,13,37837.247867
-35.507445,31,37844.080207
-182.67995,89,37862.935536
-70.960035,17,37866.793185
-52.75023,35,37874.472989
10.240727,24,37879.916135
-69.477826,28,37886.083105
-86.101603,116,37910.658698
43.328107,28,37916.84098
75.359797,47,37927.002939
-172.494596,127,37953.76169
28.834066,20,37958.28274
3.001092,18,37962.448611
-137.296817,80,37979.485743
102.42927,130,38006.89933
114.712693,25,38012.507835
3.533287,10,38015.053343
52.853815,51,38026.063393
-56.630078,61,38039.142056
1060.675114,369,38116.252148
-28.011845,52,38127.433869
14.952598,11,38130.186245
18.864899,11,38132.887469
134.272556,47,38143.123333
-69.620225,21,38147.917785
-39.194379,29,38154.354713
-129.117344,83,38171.990185
25.210996,67,38186.326649
-28.876171,109,38209.45763
-3.13315,9,38211.711083
-81.479884,61,38224.765745
15.068922,32,38231.825053
6.425395,11,38234.497537
-80.791553,102,38255.994118
10.564938,40,38264.679198
4.570913,41,38273.697535
-64.974591,41,38282.664712
-50.216003,28,38288.902242
218.233169,215,38333.995857
-80.882016,102,38355.582343
-253.369583,126,38382.168708
-50.317434,68,38396.78805
11.113051,10,38399.25224
54.513107,26,38405.116232
-3.299109,41,38414.019349
8.479111,48,38424.404381
75.214121,21,38429.168641
6.457188,7,38431.058115
-27.961186,18,38435.290204
-9.418041,14,38438.563381
28.611656,135,38467.054455
20.917585,14,38470.381841
14.422082,10,38472.876178
22.864234,21,38477.653455
-98.272024,85,38495.798217
-58.010965,17,38499.774283
55.489687,24,38505.204334
290.906719,96,38525.69611
-22.298321,17,38529.64405
94.405195,28,38535.925828
-5.405869,2,38536.717745
123.212669,97,38557.228107
135.077868,64,38570.910991
-43.564505,52,38582.251479
17.885651,24,38587.595182
-70.588319,59,38600.269801
-71.635373,110,38623.496887
-63.501618,94,38643.446505
0.238287,8,38645.464352
-131.349588,85,38663.456201
-46.710914,45,38673.278947
-4.288734,36,38681.146498
-118.949207,184,38719.738329
-473.003011,466,38816.961892
-83.222616,71,38832.186828
-22.057545,33,38839.451348
3.609774,8,38841.532346
-61.972549,57,38853.761909
-43.088975,36,38861.647144
20.91536,21,38866.423624
-78.333661,54,38878.03779
177.321712,134,38906.209296
11.656578,10,38908.700943
-75.916942,33,38915.967214
20.080278,18,38920.116512
-29.207659,37,38928.223376
-161.842341,95,38948.373014
-6.070525,2,38949.203112
67.625946,62,38962.543865
-218.250612,170,38998.312031
-4.687246,9,39000.53656
7.614161,22,39005.482898
6.665398,14,39008.780446
6.189695,8,39010.789851
-114.500315,65,39024.714257
-5.048953,17,39028.672333
21.639388,33,39035.926456
-52.69451,73,39051.512264
-17.145998,19,39055.88857
-3.825442,11,39058.590329
-37.59732,32,39065.623896
-248.418448,241,39116.161047
-141.287428,82,39133.546469
33.71091,86,39151.955847
-23.913588,41,39160.869258
-4.681564,49,39171.417946
-100.577071,52,39182.639931
-127.097814,106,39205.04018
-16.603108,25,39210.661366
23.914856,50,39221.418267
-113.093211,64,39235.140784
-4.803441,16,39238.822565
-136.905344,56,39250.881107
-21.389238,23,39256.016704
-160.60667,192,39296.254116
-64.543202,159,39329.675615
-88.869245,49,39340.332066
-41.157938,84,39358.20866
-145.402991,120,39383.508679
-68.303295,49,39394.07221
9.944039,51,39405.203547
-312.610484,228,39452.956515
-48.633264,34,39460.402189
-11.345582,133,39488.555816
7.840141,10,39491.118981
-85.033603,129,39518.455333
-9.848494,35,39526.118158
0.940363,22,39531.206403
-33.427619,26,39537.035164
60.6688,37,39545.060156
-42.659518,31,39551.903962
-13.536384,18,39556.099973
-14.053489,23,39561.304012
-537.852895,381,39640.93157
-120.58846,85,39659.078001
20.909357,35,39666.722904
-7.980426,43,39676.023302
39.863956,58,39688.474329
16.246686,20,39693.04397
33.673722,45,39702.78277
43.243697,52,39713.916473
-87.17692,51,39724.984403
-104.324048,135,39753.373978
-158.46563,95,39773.520073
21.681007,12,39776.371643
-176.14328,188,39816.025711
-3.364905,6,39817.679574
-234.861884,10000,41898.327077
-233.790067,10000,43977.929387
-232.36684,10000,46057.777178
-234.551123,10000,48137.394727
-233.035766,10000,50216.814324
0.837698,15,50220.315375
-225.618532,195,50261.347529
17.971138,14,50264.646262
-293.393092,165,50299.286362
-53.552676,99,50320.413575
39.032568,39,50328.893896
69.081044,28,50335.122749
-187.201022,187,50374.470533
-56.592793,67,50388.824789
-148.622526,117,50413.546333
-3.420306,18,50417.689974
0.327602,11,50420.352021
68.527999,59,50433.106309
111.346589,127,50459.90063
-116.60984,107,50482.527469
33.631447,64,50496.361335
55.437852,20,50500.928342
4.556025,9,50503.16196
-26.72105,14,50506.49405
40.359792,27,50512.531326
-121.968222,111,50535.982857
34.11274,58,50548.422089
6.510594,44,50558.079733
-40.79749,53,50569.49868
-47.264554,41,50578.445289
97.109011,22,50583.423631
-86.594571,60,50596.32102
-134.432346,178,50633.747109
-56.068178,64,50647.401853
-8.665358,10,50649.896254
11.469857,59,50662.551589
2.490961,7,50664.442679
6.989147,89,50683.45448
-2.102649,36,50691.33401
20.614401,57,50703.531048
-95.724174,72,50718.862125
-58.760796,46,50728.822745
324.098946,99,50749.774934
-20.956385,16,50753.49253
-114.306408,233,50802.321672
-58.453611,30,50809.039804
-178.713633,193,50849.491349
134.968545,49,50860.035215
-128.243733,139,50889.313864
-21.094425,25,50894.87943
-9.984751,119,50920.008446
6.236018,8,50922.046278
164.801617,50,50932.96311
18.978865,50,50943.769722
76.51347,38,50952.017475
-138.132952,195,50993.057161
-29.643303,19,50997.419005
38.249734,34,51004.889115
-13.983226,29,51011.329267
-159.139826,72,51026.711481
11.85581,44,51036.280884
38.210912,20,51040.853353
4.04257,9,51043.079962
-145.337749,110,51066.442801
18.298224,22,51071.45016
4.100178,13,51074.628239
-0.225649,15,51078.152258
-36.08523,138,51107.227314
-20.376687,32,51114.310236
2.302301,11,51117.001319
-97.525744,82,51134.427392
186.155843,59,51147.08658
42.013626,29,51153.518062
-23.325842,81,51170.73601
24.106968,21,51175.517437
0.014768,158,51208.842265
9.021582,38,51217.141396
-32.305992,41,51225.989585
-17.750453,14,51229.284404
-32.467041,24,51234.707595
14.699405,29,51241.056465
-65.228726,98,51261.877292
4.816513,13,51265.014087
-16.892766,29,51271.415147
-39.134784,19,51275.79704
-319.130785,198,51317.410935
-154.713807,110,51340.635075
-35.340936,31,51347.450098
-64.676218,44,51356.974259
13.194215,14,51360.308755
-76.887747,30,51366.883308
-32.153701,89,51385.801634
-60.501899,50,51396.592445
-250.81065,142,51426.506594
2.02617,8,51428.501776
-195.481177,146,51459.177722
-15.586726,35,51466.895005
79.402083,125,51493.267188
-37.905829,66,51507.430787
-6.278324,27,51513.444702
22.882678,12,51516.312011
9.395196,19,51520.644347
6.629261,7,51522.454541
55.966121,28,51528.646137
-77.620175,38,51536.929079
-116.192538,69,51551.631083
-222.210511,315,51617.58186
2.053021,13,51620.725865
9.770958,18,51624.919672
6.807336,29,51631.30216
-81.302187,76,51647.554553
-25.343633,57,51659.759177
8.344426,8,51661.848374
30.20257,15,51665.34888
158.71754,112,51689.012858
8.436033,9,51691.337608
108.050301,55,51703.188144
8.331844,10,51705.661975
-20.463389,22,51710.619092
5.82772,8,51712.708127
-58.326623,71,51727.876473
269.787692,64,51741.591107
-24.678975,108,51764.417677
73.950735,21,51769.226788
-160.694182,123,51795.154424
-1.593471,15,51798.757778
20.149392,27,51804.76588
-87.952609,51,51815.796051
-0.712235,9,51818.059869
2.96627,15,51821.608677
25.851389,27,51827.549733
13.131696,94,51847.479881
2.140954,9,51849.786984
-4.682128,9,51852.075082
437.586703,159,51885.637742
37.50766,23,51890.831303
-4.633403,14,51894.156226
2.006844,16,51897.856797
11.083347,26,51903.606967
-21.164533,26,51909.404819
87.287031,32,51916.517216
-18.16154,33,51923.79183
-19.006186,63,51937.283793
-196.471888,93,51956.982656
-44.949474,24,51962.333252
10.473913,58,51974.807117
-63.677643,142,52004.79017
-4.885242,31,52011.595565
5.722701,13,52014.713991
-6.208362,20,52019.277106
1.095584,24,52024.686862
-14.662728,4,52025.863667
-30.484336,40,52034.564553
-107.092121,160,52068.212154
-71.071102,71,52083.4053
3.445258,22,52088.408712
104.935725,127,52115.154431
-31.170075,69,52129.961659
-7.033157,27,52135.995226
4.022357,7,52137.863933
6.895426,32,52144.934121
289.285934,145,52175.429562
-3.101949,10,52177.932313
-41.738873,27,52183.914431
-5.49287,9,52186.247505
-11.93581,39,52194.829037
-224.06777,101,52216.152826
32.32858,23,52221.348596
-39.379733,52,52232.477886
-56.660099,15,52235.968573
-1.786844,11,52238.699726
-161.075985,96,52259.080028
50.596708,23,52264.276699
-10.419303,23,52269.4844
16.188145,14,52272.773128
-155.07467,103,52294.578698
-21.819405,43,52303.91275
46.690105,71,52319.172324
-50.271958,19,52323.514244
15.01918,29,52329.932338
-6.682781,17,52333.897549
-7.048416,13,52336.966276
-19.573963,86,52355.204702
-52.122648,29,52361.628182
-235.362756,10000,54448.448123
-230.901643,10000,56528.455275
-224.346374,10000,58608.083112
-232.75674,10000,60687.902292
-235.320951,10000,62767.509674
104.389337,37,62775.715245
8.705483,12,62778.602333
-107.324441,99,62799.569473
-41.747859,67,62813.883985
54.238388,68,62828.405899
122.182975,108,62851.377901
137.681133,63,62864.866933
12.226045,161,62898.706447
-21.665848,79,62915.641522
-101.746957,128,62942.630625
-62.597628,55,62954.427406
-38.327907,32,62961.458205
22.55885,16,62965.331969
12.898857,10,62967.81421
-7.968766,110,62991.058528
-94.506035,67,63005.444447
-51.196773,137,63034.375463
11.746183,11,63037.079586
45.854696,16,63040.779772
47.526887,43,63050.127936
-40.494267,75,63066.052818
602.820588,317,63132.297446
65.63883,32,63139.337423
67.485186,23,63144.515302
76.740608,66,63158.692923
-10.018608,10,63161.163502
11.107125,8,63163.239291
-83.863153,67,63177.476603
323.270239,89,63196.344244
-122.428831,33,63203.633158
294.343973,70,63218.5809
-188.833139,130,63245.999686
85.447364,122,63271.726686
-25.394898,48,63282.031287
-52.50548,29,63288.482284
-62.413137,39,63296.966959
-29.455969,51,63307.984873
-4.028975,11,63310.72789
-89.834672,82,63328.09768
-5.751437,26,63333.895602
-47.275183,46,63343.954243
50.410709,23,63349.17141
-22.073679,5,63350.667524
-55.581418,64,63364.307782
-177.859239,137,63393.198529
42.290147,36,63401.040372
14.150258,9,63403.295139
-94.811486,65,63417.350862
-36.986965,50,63428.111647
-13.315487,53,63439.562623
-17.264449,13,63442.692293
-59.1699,33,63449.971394
6.858598,29,63456.35982
-35.513903,24,63461.849466
-67.00857,112,63485.530392
5.590474,9,63487.809202
79.997869,84,63505.70591
-40.40717,32,63512.727942
-19.877334,29,63519.153105
-12.856822,13,63522.299013
-95.892438,36,63530.261266
30.79252,47,63540.408255
86.165103,23,63545.538862
12.042981,76,63561.698454
-29.514324,16,63565.429734
28.654824,29,63571.898606
-19.539474,26,63577.726171
1.066294,35,63585.385309
78.150332,27,63591.437854
-47.435249,41,63600.328445
-16.447068,17,63604.245013
7.212144,9,63606.513063
10.175749,8,63608.595281
6.880155,80,63625.543858
34.191656,18,63629.641027
10.59088,10,63632.113106
-49.361209,46,63642.096898
155.725607,95,63662.321956
14.354364,248,63714.384396
-56.290247,57,63726.561806
-38.627655,47,63736.773853
12.029956,18,63740.980103
-7.07996,11,63743.628784
-27.415878,21,63748.419118
8.096451,15,63751.891298
117.911828,56,63763.858189
-63.949961,37,63771.908646
15.434978,20,63776.421425
29.522452,18,63780.592231
185.572022,61,63793.678282
-6.196046,15,63797.211203
-56.239272,64,63810.923815
-15.638946,52,63822.150843
17.451654,18,63826.240578
19.199985,38,63834.571184
-59.115358,64,63848.378982
-7.305967,28,63854.604219
49.659881,104,63876.575881
-117.150357,60,63889.42695
15.469109,12,63892.312061
-35.870398,238,63942.104999
-6.261174,4,63943.302332
-259.700816,117,63968.044868
24.622913,22,63973.126858
3.991425,20,63977.720827
7.748347,14,63981.024764
24.028523,13,63984.132935
65.344278,41,63993.07877
-117.140369,96,64013.453534
-75.276232,43,64022.811231
-31.310536,31,64029.626347
9.488077,16,64033.388596
128.250794,120,64058.775245
-30.274418,36,64066.603211
9.980047,53,64078.054889
-27.054938,115,64102.453257
10.303789,46,64112.434324
-119.377596,50,64123.26396
-51.608018,40,64132.008258
-74.926727,77,64148.390199
-12.866886,16,64152.142213
8.766646,8,64154.220076
-10.71845,4,64155.44703
-2.534878,13,64158.516072
-51.846406,31,64165.460846
-93.204357,86,64183.782167
25.473545,56,64195.861002
16.862099,14,64199.227967
-28.287587,39,64207.717307
-94.617064,62,64220.943403
-131.0159,149,64252.34159
12.356742,8,64254.421124
104.601314,70,64269.300415
-22.811176,25,64274.923051
-127.11718,35,64282.567846
-57.615722,33,64289.834587
25.148666,27,64295.911894
127.167141,33,64303.191259
-27.843995,14,64306.486196
-12.606003,24,64311.838783
-212.429535,274,64369.20335
203.62323,136,64397.832285
-41.011275,29,64404.265707
-7.323192,63,64417.873297
-34.704519,24,64423.296322
-45.611106,53,64434.739245
-168.610819,328,64503.289988
-2.605866,9,64505.524285
-1.894627,21,64510.244957
-12.816389,18,64514.331639
6.033489,7,64516.221004
-10.717437,7,64518.090375
48.120378,28,64524.242591
-77.08315,50,64535.037191
83.164372,28,64541.379168
-54.831258,78,64557.971511
46.130186,226,64605.414542
23.870831,16,64609.132789
38.51139,156,64641.951558
-53.473544,48,64652.34741
-116.686175,55,64664.264914
-29.395177,71,64679.444851
-48.508094,26,64685.24918
118.256772,71,64700.416819
-33.120417,60,64713.302572
-105.586104,45,64723.041631
-13.616096,55,64734.947618
-62.929984,116,64759.459904
5.811185,181,64797.53672
15.816311,93,64817.243683
75.934442,59,64829.894423
-16.411042,17,64833.812767
-3.458522,86,64852.059032
-144.797745,79,64868.851367
0.068494,24,64874.251055
14.906747,19,64878.640327
53.677632,59,64891.35974
-172.053121,124,64917.553057
-225.199625,10000,66998.995409
-235.413984,10000,69078.627475
-231.035019,10000,71158.237566
-231.344156,10000,73237.87074
-225.616124,10000,75317.692111
-162.356766,269,75374.056879
24.000999,63,75387.554307
61.986221,55,75399.374045
-6.47919,22,75404.347746
59.568368,44,75413.88742
-175.134005,243,75464.8929
0.819788,14,75468.136723
-118.693202,113,75492.079037
-24.07127,6,75493.67397
-173.750283,124,75519.80459
-11.357698,62,75533.039161
38.509856,54,75544.644208
-21.12017,43,75554.023957
5.670515,13,75557.163606
-109.602937,54,75568.866269
-75.362771,59,75581.521654
45.335533,50,75592.353989
-130.997496,75,75608.343237
-41.979834,58,75620.803862
267.475768,71,75636.020272
-35.908933,29,75642.464462
-56.201242,87,75660.849121
28.424198,46,75670.845536
2.698969,28,75677.155451
-114.298897,106,75699.647316
-15.489383,34,75707.150395
214.137768,185,75745.997504
-20.495339,19,75750.351155
29.094231,21,75755.169629
-25.027377,127,75781.958874
-39.14807,28,75788.218466
-97.022257,58,75800.655397
-105.708426,175,75837.478362
4.249157,30,75844.115033
-76.704061,87,75862.524698
-20.564963,37,75870.561202
-15.549732,8,75872.620518
8.170561,12,75875.528984
-23.417209,47,75885.72999
1.163242,10,75888.265666
68.312055,27,75894.276981
29.540863,14,75897.597977
19.829709,15,75901.062486
-49.654031,81,75918.242233
-128.361739,59,75930.861961
104.452321,89,75949.802198
-115.48116,66,75963.823317
184.952352,205,76006.792139
103.13872,61,76019.860217
105.301339,133,76047.924774
-35.835168,60,76060.798964
-144.638366,67,76075.153278
-9.311759,45,76084.873012
-84.811768,78,76101.489508
-27.47302,17,76105.452506
-4.953916,25,76111.023092
-57.438823,54,76122.659965
-17.577938,30,76129.292835
-5.174752,25,76135.037269
-156.327762,114,76159.136691
7.930683,43,76168.497413
75.87611,44,76178.03428
24.955393,25,76183.587911
117.482797,109,76206.754118
-13.668679,67,76221.049609
-25.640811,55,76232.8495
-39.763092,26,76238.627392
0.241923,22,76243.533308
78.121244,35,76251.243656
-1.392819,18,76255.34197
14.447102,8,76257.506717
-37.925105,88,76276.209333
-52.2128,49,76286.764002
44.906661,25,76292.400954
34.716013,78,76308.991692
39.088523,103,76330.884966
181.918825,56,76342.90566
-123.825376,155,76375.537467
2.684928,10,76377.981895
-31.197144,62,76391.400857
13.755551,12,76394.289966
6.031199,39,76402.795614
57.311537,55,76414.647831
-59.083101,41,76423.585005
-51.770318,54,76435.184937
53.853089,75,76451.110399
7.687556,7,76452.989974
-7.116699,14,76456.265669
66.656134,70,76471.26069
3.091312,17,76475.255692
116.342306,140,76504.746305
-9.205555,24,76510.12931
8.835388,7,76512.028803
-16.203031,27,76518.027243
2.479767,7,76519.906988
-37.107946,51,76530.907424
-13.685872,52,76542.0964
87.829512,24,76547.447055
-75.439441,62,76560.729988
-5.061461,107,76583.511002
6.443049,7,76585.38233
7.106622,18,76589.580889
0.630368,15,76593.074199
-51.296739,57,76605.255138
-106.441641,48,76615.628101
4.963925,9,76617.896016
-258.036546,166,76652.769912
19.361785,19,76657.093112
-0.228811,57,76669.353765
-25.193753,20,76673.876519
19.302235,20,76678.430268
13.994612,9,76680.696127
63.741321,26,76686.521672
76.322092,57,76698.918973
-49.615048,75,76714.880925
-1.392677,8,76716.930085
-98.479478,123,76742.880758
-70.157292,47,76753.058033
2.119968,17,76756.979248
-25.797678,61,76770.225904
-81.054266,56,76782.276123
-57.405729,107,76804.908682
-86.91046,88,76823.673156
-16.752176,31,76830.551671
-46.087218,35,76838.172021
-31.818587,42,76847.323969
-8.859618,17,76851.27073
8.450626,9,76853.476005
136.774567,66,76867.610044
37.358382,13,76870.684526
13.180471,21,76875.420663
79.240824,103,76897.270612
-255.696656,128,76924.232317
-196.642145,154,76956.742082
-80.70685,66,76970.818383
-141.182216,196,77012.052226
-19.998121,20,77016.666987
32.883887,38,77024.966731
-145.36025,141,77054.665075
70.149669,20,77059.2384
78.528949,67,77073.539265
-133.837023,121,77099.143067
-144.154031,113,77123.003007
-4.094687,11,77125.662483
25.051396,17,77129.598312
-17.837928,19,77133.879722
-21.20943,27,77139.924132
48.547806,43,77149.274972
-66.372045,38,77157.60116
-73.170438,158,77190.754544
-25.484818,51,77201.679593
-12.217332,80,77218.771726
108.585602,59,77231.400916
7.675475,23,77236.603621
60.181781,44,77246.158601
-664.604113,342,77317.625908
33.129338,89,77336.59909
-56.967483,222,77383.126035
85.5197,70,77398.146197
-1.275673,11,77400.800355
-3.16555,9,77403.074172
125.444019,64,77416.777289
-98.972742,69,77431.488584
-234.003204,10000,79542.437439
-233.327556,10000,81622.05563
-235.660827,10000,83701.683494
-236.320564,10000,85781.30951
-235.747437,10000,87865.352738
22.739062,15,87868.895341
-4.464036,12,87871.752048
-29.634779,86,87890.085395
36.567947,108,87913.133233
-18.069461,55,87925.015325
177.155184,88,87943.774665
19.885145,31,87950.613795
-140.81277,71,87965.835317
-2.171143,10,87968.310896
91.453547,51,87979.257796
-42.221208,37,87987.391918
-150.818605,157,88020.447946
-94.934439,105,88042.689889
-87.122199,98,88063.530296
-49.594161,32,88070.585035
-65.953966,42,88079.725996
-97.792711,59,88092.405696
-53.78366,30,88099.048366
-14.902407,32,88106.131152
-57.334351,65,88120.10714
-43.45323,43,88129.416889
-24.361109,35,88137.045213
10.74402,16,88140.804284
6.739924,17,88144.693221
18.221946,26,88150.513265
-163.881589,256,88204.27399
-13.43478,17,88208.240752
9.920787,12,88211.106873
-149.793364,85,88229.182679
-18.668102,38,88237.492184
59.653465,106,88259.957499
110.623775,82,88277.396154
1.424262,52,88288.628992
8.95303,10,88291.256989
-19.498925,17,88295.211087
-36.773841,15,88298.761278
25.737244,129,88326.066389
-5.147334,17,88330.031342
25.972577,64,88343.723221
92.352307,50,88354.563347
35.1646,21,88359.30366
-110.411977,65,88373.20011
-50.030878,172,88409.417793
-189.3342,190,88449.444519
136.701762,52,88460.646479
-16.836467,13,88463.772345
-1.125456,11,88466.399467
15.022997,12,88469.312463
48.080909,56,88481.404355
-58.23596,26,88487.184585
-9.126444,32,88494.244158
4.321601,7,88496.129111
113.162,68,88510.737203
-34.670464,52,88521.8962
106.641663,55,88533.680271
-6.147422,20,88538.25803
-34.233433,32,88545.42384
106.131074,133,88573.48574
-15.522721,15,88576.970138
-101.336832,244,88628.213477
70.775983,33,88635.525818
56.175236,64,88649.278723
-97.621527,69,88664.051143
-5.603249,12,88667.054176
42.778995,20,88671.722555
26.726222,24,88677.167002
31.768365,27,88683.186252
52.471413,46,88693.189762
-13.624197,25,88698.816978
-16.814551,12,88701.792626
-73.869143,67,88716.114337
-34.58186,34,88723.585852
43.768571,45,88733.38445
-39.392333,36,88741.248032
-3.552857,11,88743.926045
-109.316535,116,88768.451934
-154.868955,103,88790.282707
8.443491,112,88814.092435
0.659887,30,88820.7249
195.135272,93,88840.516594
-91.329575,49,88851.07949
49.477788,82,88868.562015
-19.079048,79,88885.382202
4.526324,34,88892.869378
-54.974404,92,88912.404694
101.487217,30,88919.053993
-54.586678,32,88926.09916
-11.947302,19,88930.445363
-18.356359,13,88933.561121
2.76317,11,88936.279526
9.980418,10,88938.768346
-108.848331,189,88978.457305
10.026325,45,88988.301594
170.379703,133,89016.35802
-72.855731,176,89053.426764
-9.92867,74,89069.271993
101.191966,30,89075.936945
-90.632328,117,89100.710366
-85.185542,27,89106.689422
10.411017,36,89114.725829
-1.092677,25,89120.35765
-3.168194,26,89126.169054
9.25577,19,89130.594228
5.162314,26,89136.426133
93.310045,63,89150.053031
-162.084197,87,89168.578614
3.285342,21,89173.373482
2.181283,11,89176.055001
10.250054,9,89178.309278
100.096301,36,89186.212056
9.238827,25,89191.876548
-47.113793,38,89200.233631
179.180329,243,89251.322248
-51.856661,44,89260.801219
-4.015386,24,89266.164949
-97.807312,58,89278.590377
-53.947195,85,89296.744008
-82.557015,50,89307.552325
-52.225251,74,89323.409858
-75.20726,51,89334.379158
45.09948,37,89342.450148
-233.205518,156,89375.295275
217.170483,159,89408.785494
-45.197014,29,89415.225157
5.80814,9,89417.536619
-192.773183,355,89492.099817
5.624424,10,89494.584942
6.926936,7,89496.496042
-37.196795,25,89502.123165
162.938634,48,89512.504647
-0.174372,90,89531.589319
-42.860712,16,89535.36232
-104.354148,65,89549.461189
3.707468,6,89551.118081
-91.87774,109,89574.211575
8.466445,10,89576.673007
-62.966571,157,89609.727413
-71.04541,66,89623.933141
21.648405,53,89635.396226
-5.012275,6,89637.044172
5.424276,25,89642.663694
-182.311166,88,89661.379796
232.731101,75,89677.552344
12.250258,10,89680.051683
0.318394,25,89685.670348
184.640312,35,89693.424128
-72.228771,81,89710.738124
-240.658103,104,89732.836623
-68.921852,39,89741.380923
-1.575503,9,89743.680318
-57.359223,56,89755.746012
-63.069158,172,89791.961554
-24.444278,69,89806.887168
-11.774187,30,89813.520391
19.125903,13,89816.668093
-11.924445,19,89821.032555
22.580282,12,89823.929046
-8.321015,21,89828.685924
-25.218903,32,89835.703413
-144.990787,72,89851.142452
69.58269,24,89856.507766
-125.189753,59,89869.250925
5.745952,11,89871.971992
-34.447724,40,89880.765302
-8.252603,38,89889.039846
3.588655,37,89897.154095
16.028153,12,89900.048743
23.032452,33,89907.327592
0.073481,7,89909.147689
39.532336,40,89917.90469
32.071626,13,89921.049544
-132.514746,128,89948.101648
-83.032276,86,89966.320992
-2.926872,54,89977.991817
-17.512809,30,89984.692074
-145.411324,125,90011.133826
-234.032542,10000,92106.70652
-231.485092,10000,94187.123646
-228.192672,10000,96266.740571
-224.233502,10000,98346.579854
-230.762207,10000,100426.63201
-38.888553,36,100434.55907
22.38368,24,100439.922561
133.590323,158,100473.197039
61.605906,30,100479.821337
1.460031,15,100483.367819
-70.359162,48,100493.731491
63.645703,40,100502.436757
-42.088077,59,100515.210341
12.391752,12,100518.12147
233.960581,254,100571.372377
-11.475744,46,100581.343434
37.15154,19,100585.648189
-55.259864,45,100595.433156
144.782584,44,100605.025421
-12.745751,13,100608.112575
-22.162217,21,100612.893112
28.618476,21,100617.663337
-43.627821,38,100625.909598
-98.675719,77,100642.252322
-55.38172,37,100650.352355
-76.23014,45,100660.058765
-53.702487,40,100668.811764
5.3793,177,100706.080702
-20.992907,61,100719.177177
-137.277938,70,100734.170511
-15.87932,15,100737.73588
-109.001163,80,100754.780588
-36.736761,45,100764.710431
80.183122,59,100777.369889
-6.302528,13,100780.555631
10.717724,14,100783.885531
5.389001,7,100785.738537
-233.786375,133,100813.8107
25.041436,101,100835.20068
-209.45379,118,100860.176207
16.70438,9,100862.4772
9.795942,21,100867.217862
-53.585246,49,100877.805316
-33.32481,32,100884.851088
-81.892786,85,100902.984249
47.666588,43,100912.305732
169.083522,172,100948.503241
-143.14012,167,100983.630271
7.321285,8,100985.699124
-68.30684,41,100994.637034
23.077594,25,101000.262549
47.990685,81,101017.545048
-12.268829,44,101027.095803
-98.798362,118,101051.966505
6.78163,7,101053.820722
-20.528968,72,101069.177306
190.571023,137,101098.215339
-65.77155,62,101111.563153
-163.032344,96,101131.863854
-65.361193,50,101142.719846
-53.045516,41,101151.677239
53.341342,124,101177.82273
43.901413,63,101191.281263
-195.058209,155,101224.013438
-8.385221,30,101230.737155
-131.733858,155,101263.358192
23.136763,38,101271.839837
-3.831573,11,101274.512524
-9.537773,10,101277.07826
-3.690029,16,101280.821442
-12.878643,19,101285.16781
-7.56038,9,101287.414485
-11.727644,11,101290.139183
-4.35766,30,101296.784912
97.050485,58,101309.209717
-1.260757,33,101316.485361
-86.234188,55,101328.367394
203.127507,133,101356.445948
-61.195743,177,101393.672401
30.266483,64,101407.361128
68.482871,28,101413.556312
6.503238,9,101415.822448
-139.930434,92,101435.374207
-11.097748,29,101441.833544
-4.774647,12,101444.715731
-16.485677,76,101461.041595
-124.430876,142,101490.948864
-4.389174,16,101494.696139
-32.16337,24,101500.094005
14.574964,29,101506.535116
30.244563,68,101521.122318
-50.003648,41,101530.072916
14.741705,17,101534.038413
-17.316109,20,101538.635877
-24.318413,35,101546.266226
-35.378974,45,101556.052551
-9.549692,22,101561.054046
50.576236,27,101567.094408
34.974579,167,101602.228894
-15.804644,8,101604.251167
-8.418148,42,101613.399985
1.658964,9,101615.667917
-97.652395,83,101633.33047
-31.392672,40,101642.043414
43.262341,39,101650.659609
-91.011483,25,101656.185161
28.443991,118,101681.125882
-111.190332,54,101692.76643
-96.738527,55,101704.585012
-140.665739,133,101732.791176
-33.75992,25,101738.367877
-27.669267,44,101747.932177
-116.450768,106,101770.444031
-148.604552,63,101783.942348
-132.95799,209,101827.825523
-6.148572,82,101845.281697
-4.487227,122,101871.065459
-29.262352,26,101876.868716
10.008807,9,101879.15466
2.334101,35,101886.851005
189.706368,94,101906.814739
-19.732534,21,101911.627505
-42.966943,30,101918.274881
-11.015026,16,101921.984634
-10.378662,43,101931.343034
29.267407,72,101946.673545
141.429553,38,101954.964128
-12.368475,8,101957.005364
-33.039475,44,101966.517462
6.256803,10,101968.999279
-8.121637,19,101973.341248
-1.487497,60,101986.210139
-38.191146,94,102006.131275
10.592721,10,102008.585388
-361.675513,286,102068.591818
3.841192,41,102077.522485
-5.42473,15,102081.04819
63.656068,17,102085.012843
95.377124,36,102092.902259
72.949409,52,102104.120852
2.521184,15,102107.596438
8.721111,11,102110.342512
-82.639405,52,102121.619721
-50.389356,40,102130.371149
10.574287,79,102147.154227
0.056426,84,102165.072347
-123.079112,112,102188.757972
21.557791,21,102193.525734
62.613724,43,102202.941147
23.474197,28,102209.127398
3.288609,18,102213.301494
43.198703,21,102218.032838
-28.383251,26,102223.867331
-204.771329,150,102255.49596
19.757495,38,102263.803714
-47.366657,32,102270.873984
-38.520077,60,102283.787459
60.247168,49,102294.452711
-53.545989,36,102302.357935
95.382396,41,102311.260957
-98.343098,127,102338.048957
-98.321221,59,102350.699982
33.130884,56,102362.6776
-141.54055,60,102375.519179
47.30493,24,102380.949067
-131.939215,99,102402.089746
-11.328412,69,102416.775987
-35.403256,14,102420.103553
86.595628,45,102429.835233
3.52558,6,102431.521839
-43.647243,60,102444.385891
-35.968212,65,102458.314291
-89.925667,80,102475.492777
-17.078978,47,102485.711729
-52.181244,38,102493.980942
11.99817,10,102496.448462
2.435466,18,102500.608034
-101.961986,44,102510.217461
1.577518,55,102522.0165
-25.032253,63,102535.577157
2.849862,80,102552.546631
-15.13914,57,102564.76269
-44.638613,20,102569.308615
-69.225968,30,102575.923875
-234.439525,10000,104660.710536
-232.871162,10000,106740.342891
-231.880158,10000,108820.670099
-228.038632,10000,110905.77907
-231.912981,10000,112988.218003
34.870375,20,112992.755128
-44.087805,37,113000.840578
-5.921942,47,113011.060944
-50.544132,27,113017.088308
-44.367759,35,113024.819238
24.116238,130,113052.276925
11.325772,165,113086.963878
9.113361,8,113089.036129
21.308105,16,113092.76271
-81.854998,59,113105.440155
17.705225,18,113109.582529
-11.712456,3,113110.592629
-30.570789,37,113118.71066
60.409266,25,113124.325411
176.86265,111,113147.846424
32.873776,18,113151.978507
-21.86525,39,113160.466644
-25.780424,33,113167.692484
9.613318,12,113170.54574
-17.480909,19,113174.882072
-47.75056,68,113189.467544
9.829661,8,113191.528795
-1.911435,10,113193.974998
12.605164,8,113196.018038
-7.356252,14,113199.368679
5.05885,30,113206.014679
-192.76619,148,113237.167837
0.658837,11,113239.913136
117.696647,88,113258.615095
48.123076,30,113265.196366
-5.852991,49,113275.826105
89.749835,39,113284.390755
-77.016488,61,113297.530923
53.522367,47,113307.725643
1.696762,8,113309.796654
11.386403,36,113317.633162
12.151921,12,113320.537047
-57.043784,28,113326.780644
-22.642268,31,113333.655847
-13.148048,8,113335.695184
134.767967,81,113352.934388
101.174357,154,113385.380196
1.140898,7,113387.263254
-27.861023,65,113401.223374
-27.777912,50,113412.039059
51.082477,27,113418.06139
-69.407355,97,113438.600735
-109.020292,48,113448.979281
11.487454,8,113451.060712
-45.311221,42,113460.226793
-72.672317,30,113466.874356
-12.990321,19,113471.243144
-4.391288,45,113481.017881
-356.845391,202,113523.456139
32.290995,24,113528.808909
78.85699,61,113541.905532
-22.09386,109,113564.984415
-98.491562,47,113575.128055
-39.878173,27,113581.123793
31.050122,18,113585.290948
-150.038614,244,113636.442435
-292.216024,153,113668.653141
-75.855694,60,113681.598741
-69.443079,47,113691.839661
-4.836601,25,113697.445594
27.649453,35,113705.120182
105.664969,88,113723.794424
9.983247,9,113726.054621
-163.604418,202,113768.510635
-521.296788,471,113866.8613
-146.153688,130,113894.433182
-203.23601,99,113915.4328
3.823398,12,113918.332583
1833.198054,434,114009.053196
51.19788,31,114015.927554
43.961679,224,114062.941641
10.834224,61,114076.054642
3.395349,8,114078.184632
121.170395,46,114088.134279
32.802242,38,114096.464729
0.233016,7,114098.316498
-24.12123,29,114104.718608
46.554604,59,114117.383329
10.718789,11,114120.099653
47.218806,51,114131.125085
17.830401,16,114134.867531
8.140166,37,114142.967237
3.487497,88,114161.680769
-33.501357,18,114165.857834
266.426303,209,114209.768127
-6.943451,56,114221.861701
-35.209463,20,114226.502178
3.417113,59,114239.160775
-337.633666,213,114283.825434
-32.59036,20,114288.372474
4.761991,12,114291.255198
-107.182674,110,114314.516758
-36.577824,225,114361.792092
-70.708474,52,114373.068949
-64.407331,91,114392.498094
65.122633,212,114436.915824
7.577061,6,114438.622557
-29.997602,63,114452.098668
18.598698,40,114460.879943
-72.669888,195,114501.924294
-9.344622,16,114505.629504
-97.591129,114,114529.777076
-16.558543,47,114540.002143
-19.34555,15,114543.570003
-53.795882,62,114556.822352
-8.805142,22,114561.762426
-194.388533,127,114588.6644
24.692147,23,114593.823078
-71.776802,43,114603.207834
12.455561,18,114607.377692
88.002012,177,114644.532922
11.462451,35,114652.229706
-21.349167,5,114653.664956
-144.484224,152,114685.644622
-21.2843,26,114691.400327
-97.226001,60,114704.288844
-91.442387,78,114720.915265
71.896946,63,114734.460873
18.662882,26,114740.292401
67.58718,28,114746.569448
-82.6291,139,114775.886765
-22.704278,18,114779.971834
-191.138451,125,114806.309236
-39.456573,19,114810.692106
130.834264,172,114846.882077
59.384891,67,114861.216269
-58.174393,36,114869.064788
12.203417,17,114872.987703
175.846612,66,114887.143115
-77.665378,164,114921.686993
-52.013821,62,114934.95849
-234.463864,85,114953.104045
15.42406,19,114957.406417
-18.61415,8,114959.489743
27.299743,12,114962.323905
-35.47674,80,114979.342219
-149.326306,78,114996.037484
-78.277505,54,115007.655848
15.991737,9,115009.894807
78.719974,37,115018.146217
178.066064,116,115042.789307
-28.007967,241,115093.376647
23.311888,11,115096.073322
16.576697,84,115114.017526
-234.2018,10000,117212.736641
-229.920493,10000,119295.90987
-231.579904,10000,121378.133642
-230.014268,10000,123461.941158
-230.999584,10000,125541.999378
63.499384,96,125564.670074
3.683187,6,125566.245688
77.571514,113,125590.147542
109.851782,76,125606.350683
-6.848661,11,125609.077936
-42.667274,55,125620.992001
2.315416,10,125623.504867
444.05928,158,125656.725279
53.413112,16,125660.491226
-94.194486,48,125670.969342
-94.37556,66,125685.108887
50.701576,25,125690.640045
102.109004,51,125701.656474
-24.541576,47,125711.813206
-105.780474,125,125738.338606
5.892868,6,125740.023207
21.198637,84,125757.862943
-1.839589,38,125766.172597
41.531374,20,125770.683861
-73.560803,86,125788.983787
-58.681901,36,125796.861257
-30.53094,20,125801.416373
-236.429553,124,125827.560199
-18.071831,8,125829.651595
9.888666,107,125852.404062
132.102789,132,125880.263412
-42.46183,72,125895.662374
8.985627,38,125903.955729
-17.712655,20,125908.568034
-68.817984,178,125945.984853
-137.629133,125,125972.400333
163.344972,40,125981.138814
221.210707,113,126005.060219
-20.035075,66,126019.148675
-44.26801,53,126030.644596
-184.161629,165,126065.351809
-20.247204,35,126072.988549
127.675503,59,126085.770417
-64.411192,58,126098.265816
-36.103677,15,126101.766318
278.971156,64,126115.410171
16.63778,18,126119.580593
38.101441,75,126135.543797
43.250531,12,126138.454938
19.880143,17,126142.425663
-3.025341,463,126239.122234
60.549038,25,126244.72499
334.201321,94,126264.703484
-27.194216,52,126275.914497
174.525738,36,126283.765082
182.631973,105,126306.007778
64.941996,30,126312.685878
38.893565,23,126317.899177
4.861491,8,126320.002227
-104.131312,134,126348.280994
50.827315,18,126352.414904
102.542359,90,126371.607583
-53.20114,84,126389.432334
149.977807,39,126397.898598
15.226463,32,126404.97067
-10.044606,76,126421.086685
-34.328145,39,126429.598208
97.648671,26,126435.366988
86.809513,90,126454.578292
-13.930385,60,126467.520919
113.306828,31,126474.34487
-100.037903,102,126495.95064
145.943814,69,126510.653836
-10.532416,42,126519.825835
3.700239,10,126522.337493
-20.823934,51,126533.309324
72.501712,24,126538.70922
-39.652762,57,126550.988323
-145.295185,127,126577.813131
4.549908,77,126594.233706
-16.599033,5,126595.719953
282.801097,87,126614.20673
16.835051,96,126634.595917
-32.884526,9,126636.908298
-30.053408,25,126642.516813
27.190522,61,126655.660077
180.944275,83,126673.308815
73.823128,87,126691.825954
35.021102,74,126707.617044
112.850501,89,126726.46472
122.415957,40,126735.125465
48.856766,22,126740.089622
-0.096821,102,126761.706247
-45.192086,64,126775.361315
24.604881,44,126784.901158
84.890672,36,126792.79438
-59.019222,136,126821.460599
-145.273922,113,126845.340316
26.234244,12,126848.234248
3.456691,19,126852.610393
148.412219,106,126875.094998
-5.706988,37,126883.207071
1.241384,13,126886.369142
-73.460805,49,126896.985046
-21.130344,21,126901.714348
-214.860253,166,126936.593936
130.325415,134,126964.822831
-2.102225,39,126973.432425
-27.157403,30,126980.074537
13.499028,39,126988.589559
-111.415505,68,127003.084198
2.220372,37,127011.156129
94.541226,54,127022.849425
161.05939,69,127037.611014
-35.777641,15,127041.136533
91.500309,261,127095.784669
-56.276961,102,127117.405394
-23.520383,29,127123.927792
97.790045,75,127139.888874
29.376557,19,127144.303379
113.916046,28,127150.615645
-94.897782,92,127170.211771
115.579364,28,127176.436514
-31.225478,49,127187.02091
28.844833,29,127193.474493
-47.316359,90,127212.605209
11.421135,16,127216.286637
-16.042447,114,127240.433448
148.908094,203,127283.053097
93.467781,70,127298.024906
-129.509561,115,127322.305688
-2.517147,26,127328.129541
-0.910865,12,127331.022481
29.456617,38,127339.360408
-62.604198,28,127345.577713
44.963701,108,127368.437657
-106.047267,40,127377.109865
118.748926,102,127398.736458
75.965269,42,127407.863169
-1.792221,34,127415.290885
43.792151,35,127422.946831
23.551311,28,127429.17631
23.092974,12,127432.051165
-36.447858,40,127440.802944
278.571625,157,127473.82631
-42.071049,77,127490.265321
11.914866,12,127493.196811
-4.302353,15,127496.692815
45.679259,14,127499.962362
67.543134,40,127508.691489
-106.403555,64,127522.435837
-12.378534,22,127527.456718
5.204156,56,127539.545312
76.987168,31,127546.397681
-7.255368,23,127551.558919
155.588567,55,127563.339935
-1.752206,20,127567.915171
-48.223182,20,127572.450837
50.300623,33,127579.808165
95.569366,37,127587.901126
12.220007,83,127605.569005
-102.120802,101,127626.944194
-29.989615,24,127632.342532
77.309825,59,127645.024218
9.660065,74,127660.878421
2230.865763,386,127770.256489
1906.666786,337,127840.750608
2334.144207,402,127924.76955
2225.683729,385,128005.26212
2083.968883,364,128081.409373
-22.480994,22,128086.741652
-59.670195,117,128111.644536
27.119363,63,128125.285933
44.985457,18,128129.480562
